"","PROPERTY_ID","NAME","TYPE","UNIT_TYPES","UNIT_CNT","BUILD_YEAR","GOV_LEASE","DEVELOPER_NAME","NEIGHBOURHOOD"
"1",1,"The Pinnacle @ Duxton","HDB","Studio, 1, 2, 3, 4, 5 BR","N/A","2011","99","HDB","None"
"2",2,"1 Saint George's Road","HDB","N/A","156","1976","N/A","N/A","Kallang"
"3",3,"Toh Yi Gardens","HDB","Studio, 3, 4, 5, 6 BR","N/A","1988","99","HDB","Bukit Timah"
"4",4,"Toa Payoh Palm Spring","HDB","2, 3, 4 BR","N/A","1970","99","HDB","Toa Payoh"
"5",6,"Spottiswoode Park Estate","HDB","Studio, 1, 2, 3, 4 BR","N/A","1979","99","HDB","Bukit Merah"
"6",7,"Crescent View","HDB","Studio, 1, 2 BR","N/A","1970","99","HDB","Queenstown"
"7",8,"Rajah Court","HDB","Studio, 1, 3, 4, 6 BR","N/A","1984","99","HDB","Novena"
"8",10,"102 Lengkong Tiga","HDB","N/A","73","1989","N/A","N/A","Bedok"
"9",11,"103 Hougang Avenue 1","HDB","N/A","81","1983","N/A","N/A","Hougang"
"10",12,"103 Towner Road","HDB","N/A","81","1983","N/A","N/A","Kallang"
"11",13,"HDB-Pasir Ris","HDB","Studio, 1, 2, 3, 4, 5, 6 BR","N/A","1995","99","HDB","Pasir Ris"
"12",14,"Pearl Garden","HDB","1, 2, 3, 4, 5 BR","N/A","1978","99","HDB","Bedok"
"13",15,"Ah Hood Gardens","HDB","3 BR","N/A","1981","99","HDB","Novena"
"14",16,"107 Simei Street 1","HDB","N/A","142","1988","N/A","N/A","Tampines"
"15",17,"Toa Payoh North","HDB","Studio, 1, 2, 3, 4 BR","N/A","1973","99","HDB","Toa Payoh"
"16",18,"Cantonment Towers","HDB","Studio, 1, 2, 3, 4 BR","N/A","2002","99","HDB","Bukit Merah"
"17",19,"11 Eunos Crescent","HDB","N/A","183","1977","N/A","N/A","Geylang"
"18",20,"Toa Payoh Court","HDB","Studio, 1, 2, 3, 4 BR","N/A","1998","99","HDB","Toa Payoh"
"19",21,"Boon Keng Ville","HDB","1, 2, 3, 4 BR","N/A","1975","99","HDB","Kallang"
"20",23,"Rivervale Court","HDB","3, 4, 6 BR","N/A","1998","99","HDB","Sengkang"
"21",24,"Depot Heights","HDB","2, 3, 4 BR","N/A","N/A","99","HDB","Bukit Merah"
"22",26,"Tiong Bahru Orchid","HDB","2, 3 BR","N/A","1969","99","HDB","Bukit Merah"
"23",27,"114 Lengkong Tiga","HDB","N/A","97","1989","N/A","N/A","Bedok"
"24",29,"Hwi Yoh Ville","HDB","1, 2, 3, 4, 5 BR","N/A","1985","99","HDB","Serangoon"
"25",30,"116 Bedok North Road","HDB","N/A","214","1978","N/A","N/A","Bedok"
"26",31,"116 Lengkong Tiga","HDB","N/A","96","1989","N/A","N/A","Bedok"
"27",32,"116 Simei Street 1","HDB","N/A","173","1988","N/A","N/A","Tampines"
"28",33,"Tenteram Peak","HDB","2, 3 BR","755","N/A","99","HDB","Novena"
"29",34,"118 Marsiling Rise","HDB","N/A","57","1995","N/A","N/A","Woodlands"
"30",35,"Membina 118","HDB","3 BR","N/A","2003","99","HDB","Bukit Merah"
"31",37,"120 Simei Street 1","HDB","N/A","111","1988","N/A","N/A","Tampines"
"32",38,"Eunos Vista","HDB","Studio, 2, 3, 4, 5 BR","N/A","1985","99","HDB","Bedok"
"33",39,"McNair Spring","HDB","Studio, 2, 3, 4 BR","N/A","1987","99","HDB","Kallang"
"34",40,"123 Simei Street 1","HDB","N/A","173","1988","N/A","N/A","Tampines"
"35",41,"125 Kim Tian Road","HDB","N/A","70","1995","N/A","N/A","Bukit Merah"
"36",42,"HDB-Bukit Merah","HDB","Studio, 1, 2, 3, 4, 5 BR","N/A","1976","99","HDB","Bukit Merah"
"37",43,"Kim Tian Vista","HDB","Studio, 2, 3, 5 BR","N/A","N/A","99","HDB","Bukit Merah"
"38",44,"Rivervale Plains","HDB","Studio, 2, 3, 4, 6, 8 BR","N/A","1999","99","HDB","Sengkang"
"39",45,"13 Eunos Crescent","HDB","N/A","90","1977","N/A","N/A","Geylang"
"40",46,"Holland Vista","HDB","Studio, 1, 2, 3 BR","N/A","1975","99","HDB","Queenstown"
"41",48,"Yio Chu Kang Ville","HDB","1, 2, 3, 4 BR","N/A","1979","99","HDB","Ang Mo Kio"
"42",49,"133 Teck Whye Lane","HDB","N/A","56","1993","N/A","N/A","Choa Chu Kang"
"43",50,"HDB-Serangoon Estate","HDB","Studio, 1, 2, 3, 4, 5, 6 BR","N/A","1989","99","HDB","Serangoon"
"44",51,"The Peak @ Toa Payoh","HDB","1, 2, 3, 4, 5 BR","1203","2012","99","HDB","Toa Payoh"
"45",53,"139 Petir Road","HDB","N/A","133","1988","N/A","N/A","Bukit Panjang"
"46",54,"HDB-Potong Pasir","HDB","Studio, 1, 2, 3, 4, 5 BR","N/A","1984","99","HDB","Toa Payoh"
"47",55,"Dover Heights","HDB","3, 5 BR","N/A","1978","99","HDB","Queenstown"
"48",57,"Rivervale Place","HDB","2, 3, 4, 5, 6 BR","N/A","1999","99","HDB","Sengkang"
"49",58,"143 Petir Road","HDB","N/A","132","1988","N/A","N/A","Bukit Panjang"
"50",60,"Toa Payoh Towers","HDB","3, 4, 5 BR","N/A","2006","99","HDB","Toa Payoh"
"51",62,"146 Potong Pasir Avenue 1","HDB","Studio, 3 BR","N/A","1998","99","HDB","Toa Payoh"
"52",63,"148 Potong Pasir Avenue 1","HDB","2, 3 BR","N/A","1998","99","HDB","Toa Payoh"
"53",64,"148 Silat Avenue","HDB","N/A","117","1982","N/A","N/A","Bukit Merah"
"54",65,"Golden Beach Vista","HDB","3, 4 BR","N/A","1975","99","HDB","Kallang"
"55",66,"Mount Faber View","HDB","Studio, 1, 2, 3, 4 BR","N/A","1999","99","HDB","Bukit Merah"
"56",67,"Toa Payoh Sapphire","HDB","Studio, 3, 4, 5 BR","N/A","1999","99","HDB","Toa Payoh"
"57",68,"156 Woodlands Street 13","HDB","N/A","40","1986","N/A","N/A","Woodlands"
"58",69,"Rivervale View","HDB","2, 3, 5 BR","N/A","2003","99","HDB","Sengkang"
"59",70,"Toa Payoh Green","HDB","Studio, 1, 2, 3, 4 BR","N/A","1972","99","HDB","Toa Payoh"
"60",72,"Parc Lumiere","HDB","3, 5 BR","N/A","2011","99","HDB","Tampines"
"61",73,"173 Woodlands Street 13","HDB","N/A","130","1989","N/A","N/A","Woodlands"
"62",74,"181 Bishan Street 13","HDB","N/A","128","1987","N/A","N/A","Bishan"
"63",75,"185 Edgefield Plains","HDB","N/A","97","2003","N/A","N/A","Punggol"
"64",76,"Buona Vista Court","HDB","1, 2, 3, 4 BR","N/A","2012","99","HDB","Queenstown"
"65",78,"Toa Payoh Central","HDB","Studio, 1, 2, 3 BR","N/A","1974","99","HDB","Toa Payoh"
"66",80,"Kim Keat View","HDB","1, 2, 3, 4 BR","N/A","1973","99","HDB","Toa Payoh"
"67",81,"Bishan Spring","HDB","3, 4 BR","N/A","1987","99","HDB","Bishan"
"68",83,"Beach Road Gardens","HDB","1, 2, 3 BR","N/A","1979","99","HDB","Kallang"
"69",84,"2 Hougang Avenue 3","HDB","N/A","237","1975","N/A","N/A","Hougang"
"70",85,"Ping-An Gardens","HDB","Studio, 1, 2, 3, 4, 5 BR","N/A","1982","99","HDB","Bedok"
"71",86,"20 Jalan Membina","HDB","N/A","156","2003","N/A","N/A","Bukit Merah"
"72",87,"Marine Terrace Breeze","HDB","1, 2, 3, 4 BR","N/A","1975","99","HDB","Marine Parade"
"73",89,"Marsiling Admiralty Park","HDB","2, 3, 4 BR","N/A","1981","99","HDB","Woodlands"
"74",90,"207 Tampines Street 21","HDB","N/A","97","1982","N/A","N/A","Tampines"
"75",91,"Punggol Sails","HDB","2, 3, 4 BR","N/A","2014","99","HDB","Punggol"
"76",93,"Yishun Palm Spring","HDB","2, 3, 4 BR","N/A","1985","99","HDB","Yishun"
"77",94,"217 Tampines Street 23","HDB","N/A","132","1986","N/A","N/A","Tampines"
"78",95,"Saint George's East Gardens","HDB","2, 3, 4, 5 BR","N/A","1984","99","HDB","Kallang"
"79",96,"HDB-Toa Payoh","HDB","Studio, 1, 2, 3, 4, 5 BR","N/A","1976","99","HDB","Toa Payoh"
"80",97,"Compassvale Vista","HDB","2, 3, 4 BR","N/A","1999","99","HDB","Sengkang"
"81",98,"224 Simei Street 4","HDB","N/A","110","1989","N/A","N/A","Tampines"
"82",99,"227 Tampines Street 23","HDB","N/A","137","1986","N/A","N/A","Tampines"
"83",101,"Balam Gardens","HDB","1, 2, 3, 4 BR","N/A","1967","99","HDB","Geylang"
"84",103,"Teban Vista","HDB","2, 3, 4, 5 BR","N/A","N/A","99","HDB","Jurong East"
"85",106,"230C Tampines Street 24","HDB","N/A","90","1993","N/A","N/A","Tampines"
"86",108,"Bras Basah Complex","HDB","1, 2, 3 BR","N/A","N/A","-","N/A","None"
"87",110,"Matilda Court","HDB","2 BR","1162","N/A","99","HDB","Punggol"
"88",111,"235 Simei Street 4","HDB","N/A","14","1988","N/A","N/A","Tampines"
"89",113,"239 Serangoon Avenue 2","HDB","N/A","89","1985","N/A","N/A","Serangoon"
"90",114,"Hougang Heights","HDB","2, 3, 4 BR","N/A","1984","99","HDB","Hougang"
"91",115,"243 Bukit Panjang Ring Road","HDB","N/A","68","1988","N/A","N/A","Bukit Panjang"
"92",116,"250 Hougang Avenue 3","HDB","N/A","24","1988","N/A","N/A","Hougang"
"93",117,"256 Simei Street 1","HDB","N/A","91","1996","N/A","N/A","Tampines"
"94",118,"Compassvale Gardens","HDB","2, 3, 5 BR","N/A","2001","99","HDB","Sengkang"
"95",119,"Teck Whye Heights IIi","HDB","2, 3, 4 BR","N/A","1979","99","HDB","Choa Chu Kang"
"96",120,"Toh Guan View","HDB","Studio, 1, 2, 3, 4, 5 BR","N/A","1998","99","HDB","Jurong East"
"97",121,"Membina Court","HDB","Studio, 1, 2, 3, 4 BR","N/A","2008","99","HDB","Bukit Merah"
"98",122,"271 Tampines Street 21","HDB","N/A","206","1984","N/A","N/A","Tampines"
"99",123,"Compassvale Ancilla","HDB","2, 3, 4, 5 BR","N/A","2015","99","HDB","Sengkang"
"100",124,"Dover Gardens","HDB","Studio, 2, 3, 4, 5 BR","N/A","1976","99","HDB","Queenstown"
"101",126,"Compassvale Lodge","HDB","1, 2, 3, 4, 6 BR","N/A","2002","99","HDB","Sengkang"
"102",127,"Dover Court","HDB","1, 2, 3 BR","N/A","1975","99","HDB","Queenstown"
"103",128,"3 Joo Chiat Road","HDB","N/A","108","1985","N/A","N/A","Geylang"
"104",130,"Guillemard","HDB","1, 2, 3, 4, 5 BR","N/A","1998","99","HDB","Geylang"
"105",131,"3 Saint George's Road","HDB","N/A","304","1976","N/A","N/A","Kallang"
"106",132,"3 Tanjong Pagar Plaza","HDB","N/A","165","1977","N/A","N/A","None"
"107",134,"Hong Kah Green","HDB","2, 3 BR","N/A","1985","99","HDB","Bukit Batok"
"108",135,"Anchorvale Court","HDB","2, 3, 4 BR","N/A","2001","99","HDB","Sengkang"
"109",136,"Teck Ghee Vista","HDB","Studio, 1, 2, 3, 4, 5 BR","N/A","1977","99","HDB","Ang Mo Kio"
"110",137,"Clementi Meadows","HDB","1, 2, 3, 4 BR","N/A","1979","99","HDB","Clementi"
"111",138,"Chuan Village","HDB","Studio, 2, 3, 4, 6 BR","N/A","1985","99","HDB","Serangoon"
"112",139,"Anchorvale Place","HDB","1, 3, 4, 5 BR","N/A","2002","99","HDB","Sengkang"
"113",140,"309 Hougang Avenue 5","HDB","N/A","119","1982","N/A","N/A","Hougang"
"114",141,"Shunfu Gardens","HDB","1, 2, 3, 4, 5 BR","N/A","1985","99","HDB","Bishan"
"115",144,"Kampong Ubi Greenville","HDB","2, 3 BR","N/A","1985","99","HDB","Geylang"
"116",149,"Waterway Cascadia","HDB","2, 3, 4, 5 BR","N/A","N/A","99","HDB","Punggol"
"117",151,"Anchorvale Grove","HDB","2, 3, 4, 5 BR","N/A","2002","99","HDB","Sengkang"
"118",152,"Kampung Ubi Estate","HDB","Studio, 1, 2, 3, 4, 6 BR","N/A","1985","99","HDB","Geylang"
"119",153,"325 Serangoon Avenue 3","HDB","N/A","96","1986","N/A","N/A","Serangoon"
"120",154,"328 Hougang Avenue 5","HDB","N/A","193","1983","N/A","N/A","Hougang"
"121",155,"Ghim Moh Edge","HDB","2, 3 BR","1179","N/A","99","HDB","Queenstown"
"122",156,"337 Woodlands Avenue 1","HDB","N/A","89","1985","N/A","N/A","Woodlands"
"123",157,"Kampong Ubi View","HDB","2, 3, 4 BR","N/A","1986","99","HDB","Geylang"
"124",158,"Sun Bliss","HDB","Studio, 3, 4, 5 BR","N/A","2001","99","HDB","Sembawang"
"125",159,"Bedok South Parkview","HDB","2, 3, 4 BR","N/A","1977","99","HDB","Bedok"
"126",160,"367 Tampines Street 34","HDB","N/A","145","1997","N/A","N/A","Tampines"
"127",161,"370 Bukit Batok Street 31","HDB","N/A","101","1985","N/A","N/A","Bukit Batok"
"128",162,"387 Tampines Street 32","HDB","N/A","67","1993","N/A","N/A","Tampines"
"129",163,"Changi Village","HDB","2, 3 BR","N/A","1980","99","HDB","Changi"
"130",164,"Sin Ming Garden","HDB","1, 2, 3, 4, 5 BR","N/A","1986","99","HDB","Bishan"
"131",166,"Sun Plaza Green","HDB","2, 3, 4 BR","N/A","1985","99","HDB","Tampines"
"132",169,"HDB-Jurong East","HDB","Studio, 1, 2, 3, 4, 5, 6 BR","N/A","1986","99","HDB","Jurong East"
"133",171,"423 Bukit Batok West Avenue 2","HDB","N/A","114","1988","N/A","N/A","Bukit Batok"
"134",172,"Garden Hill","HDB","Studio, 2, 3 BR","N/A","1979","99","HDB","Bedok"
"135",173,"425 Choa Chu Kang Avenue 4","HDB","N/A","115","1992","N/A","N/A","Choa Chu Kang"
"136",174,"Chong Boon Heights","HDB","3, 4 BR","N/A","1978","99","HDB","Ang Mo Kio"
"137",175,"431 Clementi Avenue 3","HDB","N/A","91","1979","N/A","N/A","Clementi"
"138",176,"433 Clementi Avenue 3","HDB","N/A","139","1978","N/A","N/A","Clementi"
"139",177,"441A Clementi Avenue 3","HDB","N/A","141","2012","N/A","N/A","Clementi"
"140",178,"West Terra @ Bukit Batok","HDB","2, 3 BR","1793","2018","99","HDB","Bukit Batok"
"141",179,"Segar Meadows","HDB","1, 3, 4 BR","N/A","2011","99","HDB","Bukit Panjang"
"142",180,"455 Tampines Street 42","HDB","N/A","88","1988","N/A","N/A","Tampines"
"143",181,"Teck Ghee Parkview","HDB","3 BR","N/A","N/A","99","HDB","Ang Mo Kio"
"144",183,"Crawford Court","HDB","1, 2, 3 BR","N/A","1981","99","HDB","Kallang"
"145",186,"48 Bendemeer Road","HDB","N/A","60","1994","N/A","N/A","Kallang"
"146",187,"Jurongville @ Avenue 1","HDB","Studio, 2, 3 BR","N/A","1984","99","HDB","Jurong West"
"147",188,"Sunshine Gardens","HDB","3, 4, 5 BR","1528","N/A","99","HDB","Choa Chu Kang"
"148",189,"Tampines GreenEdge","HDB","3 BR","451","N/A","99","HDB","Tampines"
"149",191,"Forfar Heights","HDB","Studio, 2, 3, 4, 5 BR","N/A","2006","99","HDB","Queenstown"
"150",193,"Hillgrove Gardens","HDB","2, 3 BR","N/A","1987","99","HDB","Bukit Batok"
"151",194,"West Coast Vista","HDB","2, 3, 4, 5 BR","N/A","1978","99","HDB","Clementi"
"152",195,"514 Serangoon North Avenue 4","HDB","N/A","80","1992","N/A","N/A","Serangoon"
"153",196,"The Premiere @ Tampines","HDB","3, 4, 5 BR","N/A","2008","99","HDB","Tampines"
"154",197,"Commonwealth 10","HDB","1, 2, 3, 4 BR","N/A","2015","99","HDB","Queenstown"
"155",198,"Tampines Greenleaf","HDB","2, 3, 4, 5 BR","960","2015","99","HDB","Tampines"
"156",200,"Pangshan Valley","HDB","Studio, 3, 4, 6 BR","N/A","1999","99","HDB","Bukit Panjang"
"157",202,"529 Choa Chu Kang Street 51","HDB","N/A","50","1995","N/A","N/A","Choa Chu Kang"
"158",203,"53 New Upper Changi Road","HDB","N/A","120","1977","N/A","N/A","Bedok"
"159",204,"530 Bedok North Street 3","HDB","N/A","272","1979","N/A","N/A","Bedok"
"160",205,"Cheng San View","HDB","1, 2, 3 BR","N/A","1980","99","HDB","Ang Mo Kio"
"161",208,"Bedok North Green","HDB","1, 2, 3, 5 BR","N/A","1980","99","HDB","Bedok"
"162",209,"Cheng San Green","HDB","2, 3, 4, 5 BR","N/A","1981","99","HDB","Ang Mo Kio"
"163",210,"546 Serangoon North Avenue 3","HDB","N/A","110","1998","N/A","N/A","Serangoon"
"164",211,"55 Stirling Road","HDB","N/A","6","1968","N/A","N/A","Queenstown"
"165",212,"550 Bedok North Avenue 1","HDB","N/A","240","1980","N/A","N/A","Bedok"
"166",213,"556 Hougang Street 51","HDB","N/A","100","1992","N/A","N/A","Hougang"
"167",214,"560 Ang Mo Kio Avenue 10","HDB","N/A","191","1980","N/A","N/A","Ang Mo Kio"
"168",215,"Cheng San Court","HDB","Studio, 1, 2, 3, 4, 6 BR","2612","1979","99","HDB","Ang Mo Kio"
"169",217,"Montreal Ville","HDB","1, 2, 3, 4 BR","578","2015","99","HDB","Sembawang"
"170",218,"Tampines Greenridges","HDB","Studio, 2, 3 BR","1496","2017","99","HDB","Tampines"
"171",219,"Yio Chu Kang Green","HDB","1, 2, 3, 4, 5 BR","N/A","1980","99","HDB","Ang Mo Kio"
"172",220,"Nee Soon Central Meadows","HDB","1, 2, 3, 4 BR","N/A","1987","99","HDB","Yishun"
"173",221,"613 Bukit Panjang Ring Road","HDB","N/A","172","2002","N/A","N/A","Bukit Panjang"
"174",222,"Yio Chu Kang Heights","HDB","Studio, 2, 3, 5, 6 BR","N/A","1980","99","HDB","Ang Mo Kio"
"175",224,"Greentops @ Sims Place","HDB","2 BR","N/A","N/A","99","HDB","Geylang"
"176",225,"633 Yishun Street 61","HDB","N/A","68","1987","N/A","N/A","Yishun"
"177",227,"Senja Green","HDB","1, 2, 3, 4 BR","N/A","N/A","99","HDB","Bukit Panjang"
"178",228,"636 Hougang Avenue 8","HDB","N/A","120","1987","N/A","N/A","Hougang"
"179",229,"Rowell Court","HDB","1, 2, 3, 4 BR","N/A","1985","99","HDB","None"
"180",231,"Lengkok Bahru Heights","HDB","1, 3, 5 BR","N/A","2001","99","HDB","Bukit Merah"
"181",232,"646 Jurong West Street 61","HDB","N/A","121","1998","N/A","N/A","Jurong West"
"182",233,"648 Jalan Tenaga","HDB","N/A","90","1993","N/A","N/A","Bedok"
"183",234,"Eunos Damai Ville","HDB","3, 4, 5 BR","N/A","1996","99","HDB","Bedok"
"184",235,"Blangah View","HDB","Studio, 2, 3, 4, 5 BR","N/A","1978","99","HDB","Bukit Merah"
"185",236,"660 Choa Chu Kang Crescent","HDB","N/A","117","1999","N/A","N/A","Choa Chu Kang"
"186",237,"Waterway Ridges","HDB","Studio, 2, 3, 4, 5 BR","N/A","N/A","99","HDB","Punggol"
"187",238,"681 Race Course Road","HDB","N/A","136","1986","N/A","N/A","Kallang"
"188",239,"683 Tessensohn Road","HDB","N/A","136","1986","N/A","N/A","Kallang"
"189",240,"Waterway View","HDB","Studio, 4 BR","1057","N/A","99","HDB","Punggol"
"190",241,"685 Race Course Road","HDB","N/A","129","1986","N/A","N/A","Kallang"
"191",242,"689B Choa Chu Kang Drive","HDB","N/A","115","2002","N/A","N/A","Choa Chu Kang"
"192",243,"Hougang Spring","HDB","Studio, 2, 3, 4, 5 BR","N/A","1987","99","HDB","Hougang"
"193",244,"699C Hougang Street 52","HDB","N/A","122","1998","N/A","N/A","Hougang"
"194",245,"Tampines Sunrise","HDB","3 BR","N/A","1997","99","HDB","Tampines"
"195",246,"Bedok Reservoir Garden","HDB","2, 3, 4, 5, 6 BR","N/A","1981","99","HDB","Bedok"
"196",247,"72 Geylang Bahru","HDB","N/A","240","1974","N/A","N/A","Kallang"
"197",248,"Tampines Courtview","HDB","1, 2, 3, 4, 5 BR","N/A","1997","99","HDB","Tampines"
"198",249,"Khatib Spring","HDB","2, 3, 4 BR","N/A","1985","99","HDB","Yishun"
"199",257,"758 Choa Chu Kang North 5","HDB","N/A","51","1995","N/A","N/A","Choa Chu Kang"
"200",258,"Whampoa Spring","HDB","Studio, 2, 3 BR","N/A","1973","99","HDB","Novena"
"201",259,"760 Yishun Street 72","HDB","N/A","159","1987","N/A","N/A","Yishun"
"202",260,"76A Redhill Road","HDB","N/A","174","2005","N/A","N/A","Bukit Merah"
"203",261,"Longvale","HDB","1, 2, 3, 4, 5 BR","N/A","2000","99","HDB","Bedok"
"204",262,"786B Woodlands Drive 60","HDB","N/A","133","1997","N/A","N/A","Woodlands"
"205",263,"Central Horizon","HDB","3, 4 BR","N/A","2009","99","HDB","Toa Payoh"
"206",265,"Tampines Polyview","HDB","1, 2, 3, 4, 5 BR","N/A","1984","99","HDB","Tampines"
"207",266,"Keat Hong Crest","HDB","3 BR","682","N/A","99","HDB","Choa Chu Kang"
"208",269,"830 Hougang Central","HDB","N/A","109","1992","N/A","N/A","Hougang"
"209",270,"Tampines Palmwalk","HDB","1, 2, 3, 4 BR","N/A","1985","99","HDB","Tampines"
"210",272,"Tampines Arcadia","HDB","3, 4, 6 BR","N/A","1995","99","HDB","Tampines"
"211",274,"846 Sims Avenue","HDB","N/A","72","1985","N/A","N/A","Geylang"
"212",275,"848 Jurong West Street 81","HDB","N/A","65","1996","N/A","N/A","Jurong West"
"213",276,"Tampines Ville","HDB","Studio, 2, 3, 4 BR","N/A","1986","99","HDB","Tampines"
"214",277,"87 Redhill Close","HDB","N/A","115","1995","N/A","N/A","Bukit Merah"
"215",278,"88 Telok Blangah Heights","HDB","N/A","145","2003","N/A","N/A","Bukit Merah"
"216",279,"Commonwealth View","HDB","2, 3, 4 BR","N/A","2008","99","HDB","Queenstown"
"217",280,"Tampines Grove","HDB","2, 3, 4, 5, 6 BR","N/A","1988","99","HDB","Tampines"
"218",282,"Kallang Trivista","HDB","2, 3 BR","N/A","N/A","99","HDB","Kallang"
"219",285,"Selegie House","HDB","1, 2, 3, 4 BR","N/A","1974","99","HDB","None"
"220",286,"Tampines Palmsville","HDB","2, 3, 4, 6 BR","N/A","1984","99","HDB","Tampines"
"221",287,"SkyTerrace @ Dawson","HDB","Studio, 2, 3, 4 BR","N/A","2016","99","HDB","Queenstown"
"222",288,"Kallang Airport","HDB","Studio, 2, 3, 4, 5 BR","N/A","1969","99","HDB","Geylang"
"223",289,"City Vue @Henderson","HDB","Studio, 2, 3 BR","N/A","2018","99","HDB","Bukit Merah"
"224",290,"979C Buangkok Crescent","HDB","N/A","113","2003","N/A","N/A","Hougang"
"225",291,"Buangkok Square","HDB","N/A","725","N/A","99","HDB","Hougang"
"226",292,"Tiong Bahru View","HDB","Studio, 1, 2, 3, 4 BR","N/A","N/A","99","HDB","Bukit Merah"
"227",293,"A Treasure Trove","Condo","2, 3, 4, 5, 7 BR","882","2015","99","N/A","Punggol"
"228",294,"Airstream","Condo","Studio, 1, 2 BR","70","2013","Freehold","Millennium Homes (Singapore) Pte Ltd","Kallang"
"229",295,"[email protected]","Condo","1 BR","N/A","N/A","Freehold","N/A","Geylang"
"230",297,"Ava Towers","Condo","3, 4 BR","124","1993","Freehold","Ava Development Pte Ltd","Novena"
"231",298,"Avon Park","Condo","1, 3 BR","179","1991","Freehold","Avon Development Pte Ltd","Toa Payoh"
"232",301,"N/A","Landed House","N/A","N/A","N/A","N/A","N/A","N/A"
"233",302,"Bayshore Park","Condo","Studio, 1, 2, 3, 4, 5 BR","1093","1986","99","Ocean Front Pte Ltd","Bedok"
"234",303,"Beauty World Centre","Condo","3, 4 BR","80","N/A","99","Leonie Court Pte Ltd","Bukit Timah"
"235",304,"English Villas","Landed House","5, 6, 7 BR","11","1999","Freehold","Liwen Holdings Pte Ltd","Bedok"
"236",305,"Bishan Loft","Condo","Studio, 3, 4 BR","384","2003","99","Chip Eng Leong Enterprise Pte Ltd","Bishan"
"237",306,"Braddell View","Condo","Studio, 1, 2, 3, 4 BR","438","1981","99","HDB","Toa Payoh"
"238",308,"Burlington Square","Condo","1, 2, 3, 4 BR","179","1998","99","Wintrust Investment Pte Ltd (Wingtai)","None"
"239",309,"Butterworth View","Condo","3 BR","49","1999","Freehold","Butterworth Gardens Pte Ltd","Geylang"
"240",310,"Canne Lodge","Condo","3 BR","34","2000","Freehold","N/A","Kallang"
"241",311,"Canne Ville","Condo","4 BR","16","1985","Freehold","N/A","Kallang"
"242",313,"Cashew Villas","Landed House","2, 3, 4, 5, 6 BR","N/A","N/A","999","N/A","Bukit Panjang"
"243",314,"Cashew Heights Condominium","Condo","Studio, 3, 4 BR","596","1992","999","City Developments Ltd","Bukit Panjang"
"244",315,"Caspian","Condo","Studio, 1, 2, 3, 4, 5 BR","712","2012","99","Frasers Centrepoint Homes","Jurong West"
"245",316,"Cavenagh Gardens","Condo","1, 2, 3, 4, 5 BR","172","1975","Freehold","N/A","Newton"
"246",318,"Central Green Condominium","Condo","1, 2, 3, 4 BR","412","1995","99","Winwell Investments Pte Ltd (Wing Tai Asia)","Bukit Merah"
"247",319,"Central Grove","Condo","Studio, 1, 2, 3, 4 BR","131","2001","99","Capitaland & Far East Organization","Geylang"
"248",320,"Central Imperial","Condo","1, 2, 3, 4, 8 BR","63","2015","Freehold","G28 Development Pte Ltd","Geylang"
"249",321,"Changi Green","Condo","2, 3, 4 BR","256","2001","Freehold","Allgreen Properties Ltd","Tampines"
"250",322,"Charlton Park","Landed House","2, 3, 4, 5, 6, 7 BR","N/A","2008","Freehold","N/A","Hougang"
"251",324,"Chelsea Gardens","Condo","1, 3, 4 BR","40","2000","Freehold","City Developments Pte Ltd","Tanglin"
"252",325,"City Square Residences","Condo","Studio, 1, 2, 3, 4, 5 BR","910","2009","Freehold","City Developments Ltd","Kallang"
"253",327,"Citylife @ Tampines","Condo","Studio, 1, 2, 3, 4 BR","514","2016","99","Tampines Ec Pte Ltd","Tampines"
"254",328,"Claremont","Condo","Studio, 1, 2, 3, 4 BR","67","2001","Freehold","Allgreen Properties Ltd","River Valley"
"255",330,"De Royale","Condo","2, 3 BR","204","2006","Freehold","Hoi Hup Holdings Pte Ltd","Novena"
"256",331,"D'nest","Condo","Studio, 1, 2, 3, 4, 5 BR","912","2017","99","Hong Realty (Private) Limited","Pasir Ris"
"257",332,"Dorsett Residences","Condo","1, 2 BR","68","2013","99","Tang Suites Pte Ltd","None"
"258",333,"Duku Apartments","Condo","N/A","8","2000","Freehold","N/A","Marine Parade"
"259",334,"East 25 Apartments","Condo","N/A","15","1993","Freehold","N/A","Geylang"
"260",335,"Eco","Condo","Studio, 1, 2, 3, 4, 5 BR","748","2017","99","Far East Organization,Frasers Centrepoint,Sekisui House","Bedok"
"261",336,"Emerald Garden","Condo","Studio, 1, 2, 3, 4 BR","265","1998","999","Oxford Gardens Pte Ltd","None"
"262",337,"Emerald Park","Condo","1, 2, 3, 4 BR","280","1993","99","Bukit Merah Gardens Pte Ltd (Far East Organization)","Bukit Merah"
"263",338,"Eng Aun Mansion","Condo","Studio, 1, 3, 4, 5 BR","30","2016","Freehold","N/A","Novena"
"264",339,"Esparina Residences","Condo","Studio, 2, 3, 4 BR","573","2013","99","Frasers Centerpoint Homes,Lum Chang Building Contractors","Sengkang"
"265",340,"Eunos Park","Condo","Studio, 3 BR","55","1995","Freehold","Meng Leong Development Pte Ltd","Bedok"
"266",343,"Forestville","Condo","Studio, 1, 2, 3, 4, 5 BR","653","2016","99","Hao Yuan Investment Pte Ltd","Woodlands"
"267",344,"Grandlink Square","Condo","3 BR","71","2000","Freehold","Shin Hwa Cheong Development Co Pte Ltd","Geylang"
"268",345,"Guilin View","Condo","Studio, 1, 2, 3, 4 BR","655","2000","99","Guilin Park Properties Pte Ltd (City Developments Ltd & Hong Leong Holdings)","Bukit Batok"
"269",347,"Guillemard View","Condo","3, 5 BR","36","1994","Freehold","Guan Qian Realty Pte Ltd","Geylang"
"270",349,"H2O Residences","Condo","2, 3, 4 BR","522","2015","99","Impac Holdings Pte Ltd (City Developments Ltd)","Sengkang"
"271",350,"Hazel Park Condominium","Condo","Studio, 2, 3, 4 BR","696","2001","999","Hong Leong Holdings","Bukit Panjang"
"272",352,"Highgate","Condo","1, 2, 3, 4 BR","216","1995","Freehold","Lum Chang Properties Pte Ltd","Bukit Timah"
"273",353,"Hilltops","Condo","1, 2, 3, 4, 5 BR","240","2011","Freehold","Taraville Pte Ltd (Sc Global)","Newton"
"274",354,"Hillview Heights","Condo","1, 2, 3 BR","360","1996","Freehold","City Developments Ltd","Bukit Batok"
"275",355,"Hock Mansion","Condo","2 BR","14","1975","Freehold","N/A","None"
"276",356,"Holland Tower","Condo","1 BR","19","1976","Freehold","N/A","Tanglin"
"277",357,"International Plaza","Condo","Studio, 1, 2, 3, 4, 5 BR","210","1976","99","International Associated Co. Pte Ltd","None"
"278",363,"Ivory Heights","Condo","1, 3 BR","654","1993","100","HDB","Jurong East"
"279",364,"Raya Garden","Landed House","3, 4, 8 BR","N/A","1972","Freehold","N/A","Hougang"
"280",367,"Opera Estate","Landed House","Studio, 1, 2, 3, 4, 5, 6, 7 BR","N/A","1980","Freehold","N/A","Bedok"
"281",370,"Ji Xiang Court","Condo","1, 2, 4 BR","12","1990","Freehold","N/A","Bedok"
"282",372,"Kimsia Court","Condo","Studio, 1, 2, 3, 4 BR","172","1970","Freehold","N/A","Newton"
"283",375,"Kovan Residences","Condo","2, 3, 4, 5, 6 BR","521","2011","99","Centurion Kovan Pte Ltd","Hougang"
"284",376,"La Crystal","Condo","Studio, 1, 2, 3 BR","85","1996","Freehold","Central Park Investments Pte Ltd","River Valley"
"285",377,"Lagoon View","Condo","Studio, 3, 4 BR","480","1977","99","HDB","Bedok"
"286",378,"Lakeview","Condo","3 BR","240","1977","99","HDB","Bishan"
"287",379,"Langston Ville","Condo","2, 3 BR","54","2000","999","Guan Qian Realty","River Valley"
"288",381,"Leonie Hill Residences","Condo","Studio, 2, 3 BR","80","2005","Freehold","Sino Holdings","River Valley"
"289",382,"Livia","Condo","1, 2, 3, 4 BR","724","2011","99","City Developments Ltd,Hong Leong Holdings,Hong Realty","Pasir Ris"
"290",386,"Kimnan Park","Landed House","3, 4, 6, 8, 9 BR","N/A","2002","Freehold","N/A","Bedok"
"291",387,"Lush Acres","Condo","Studio, 1, 3, 4 BR","380","2016","99","City Developments Ltd","Sengkang"
"292",388,"lyf Funan Singapore","Condo","Studio, 2, 4 BR","N/A","N/A","-","N/A","None"
"293",390,"Meraprime","Condo","2, 3, 4 BR","213","2006","99","Mcl Land (Balmoral 2) Pte Ltd","Bukit Merah"
"294",391,"Minbu Villa","Condo","3, 5 BR","34","1981","Freehold","N/A","Novena"
"295",392,"Northoaks","Condo","2, 3, 4, 5 BR","720","2000","99","Upnorth Development Pte Ltd (City Developments Ltd)","Woodlands"
"296",393,"Orchard Court","Condo","3, 4, 5 BR","96","1970","99","N/A","River Valley"
"297",394,"Orchid Park Condominium","Condo","1, 2, 3, 4, 5 BR","615","1994","99","Goodview Properties Pte Ltd (Far East Organization)","Yishun"
"298",395,"Palm Lodge","Condo","3, 4 BR","56","1992","Freehold","Lkn Development Pte Ltd","Geylang"
"299",396,"Pandan Valley","Condo","Studio, 1, 2, 3, 4, 5, 6 BR","623","1978","Freehold","Dbs Realty Pte Ltd","Bukit Timah"
"300",400,"Parc Oasis","Condo","Studio, 1, 2, 3, 4 BR","950","1995","99","Marcobilt Developers Pte Ltd (Marco Polo Developments)","Jurong East"
"301",402,"Parc Riviera","Condo","Studio, 1, 2, 3, 4 BR","752","2020","99","EL Development","Clementi"
"302",404,"Park Place Residences at Plq","Condo","Studio, 1, 2, 3, 5 BR","429","2020","99","Roma Central Pte Ltd,Milano Central Pte Ltd,Verona Central Pte Ltd","Geylang"
"303",405,"Barossa Gardens","Landed House","4 BR","25","1997","Freehold","N/A","Queenstown"
"304",406,"Paya Lebar Residences","Condo","1, 2, 3 BR","117","2003","Freehold","Hillwood Development Pte Ltd / Hoi Hup Realty Pte Ltd","Geylang"
"305",408,"People's Park Centre","Condo","Studio, 3, 4, 5, 6 BR","120","1976","99","N/A","None"
"306",411,"People's Park Complex","Condo","Studio, 1, 3, 4, 5, 6, 7, 8 BR","291","1970","99","N/A","None"
"307",413,"Pine Grove","Condo","2, 3, 4 BR","660","1984","99","HDB","Bukit Timah"
"308",415,"Pinetree Condominium","Condo","1, 2, 3 BR","50","1996","Freehold","Pine Tree Condominium Pte Ltd","Tanglin"
"309",417,"Keng Soon Building","Landed House","1, 4 BR","N/A","N/A","-","N/A","None"
"310",419,"Tai Hwan Garden","Landed House","3, 4, 5, 7 BR","259","1979","Freehold","Keng Seng Group","Serangoon"
"311",420,"Queens","Condo","2, 3, 4, 5 BR","722","2002","99","Queenstown Peak Pte Ltd (Allgreen & Hoe Seng)","Queenstown"
"312",423,"Regent Heights","Condo","2, 3, 4 BR","645","1999","99","Bukit Landmark Properties Pte Ltd (Far East Organization)","Bukit Batok"
"313",424,"Regent Park","Condo","2, 3 BR","276","1997","99","Regenthill Properties Pte Ltd (Far East Organization)","Clementi"
"314",425,"Rio Vista","Condo","2, 3, 4 BR","716","2004","99","Bodenheim Investments Pte Ltd","Hougang"
"315",428,"River Isles","Condo","1, 2, 3, 4 BR","610","2016","99","Qingjian Realty","Punggol"
"316",429,"River Valley Court","Condo","Studio","18","1995","Freehold","Carrutha Pte Ltd","River Valley"
"317",430,"Riversound Residence","Condo","Studio, 1, 2, 3, 4 BR","590","2015","99","Qingjian Realty (Sengkang) Pte Ltd","Sengkang"
"318",431,"Rv Edge","Condo","Studio, 1, 2, 5 BR","108","2013","Freehold","Fortune Estate Pte Ltd","Tanglin"
"319",432,"Santa Fe Mansions","Condo","3 BR","46","1998","Freehold","Santa Development Pte Ltd","Marine Parade"
"320",433,"Sea Horizon","Executive Condo","2, 3, 5 BR","495","2016","99","N/A","Pasir Ris"
"321",436,"Shan Gate Apartments","Condo","N/A","27","1991","Freehold","N/A","Novena"
"322",437,"Sennett Estate","Landed House","1, 2, 3, 4, 5, 6, 7, 8 BR","N/A","N/A","Freehold","N/A","Toa Payoh"
"323",438,"Signature Park","Condo","2, 3, 4 BR","928","1998","Freehold","City Developments Ltd","Bukit Timah"
"324",440,"Simei Green Condominium","Condo","2, 3, 4 BR","602","1999","99","NTUC Choice Homes Co-Operative Ltd","Tampines"
"325",441,"Sims Green","Condo","2, 3 BR","108","2004","99","Hoi Hup S.C. Development Pte Ltd","Geylang"
"326",442,"Sims Residences","Condo","3, 4, 5 BR","112","2002","99","Caseldine Investment Pte Ltd (Mcl Land Ltd)","Geylang"
"327",443,"Sophia Hills","Condo","Studio, 1, 2, 3, 4 BR","493","2018","99","N/A","None"
"328",444,"Space @ Kovan","Condo","1, 2, 3, 4, 6 BR","140","2014","Freehold","Roxy-Pacific Developments Pte Ltd","Serangoon"
"329",445,"Sturdee Residences","Condo","Studio, 1, 2, 3, 4, 5 BR","305","2020","99","SL Capital","Kallang"
"330",446,"Suites @ Amber","Condo","1, 2, 3 BR","28","2011","Freehold","Macly Pte Ltd","Marine Parade"
"331",448,"Summerdale","Condo","Studio, 3, 4 BR","432","2000","99","Boon Lay Executive Condominiums Pte Ltd","Jurong West"
"332",449,"Sunny Palms","Condo","3 BR","56","2004","Freehold","Deeptro Pte Ltd","Bedok"
"333",450,"Sunshine Lodge","Condo","1, 4 BR","30","1998","Freehold","Lkn Development Pte Ltd","Serangoon"
"334",451,"Sunville","Condo","2, 3 BR","147","2005","Freehold","Came Investments Pte Ltd","Kallang"
"335",453,"Tanamera Crest","Condo","Studio, 2, 3 BR","288","2005","99","Capitaland","Bedok"
"336",455,"Teresa Ville","Condo","Studio, 1, 2, 4 BR","264","1986","Freehold","Yat Yuen Hong Co Pte Ltd / Kiaw Aik Hang Co Pte Ltd","Bukit Merah"
"337",456,"The Aberdeen","Condo","1, 2, 3 BR","132","1998","Freehold","Seng Realty & Development Pte Ltd","Kallang"
"338",457,"The Amarelle","Condo","1, 2, 3 BR","60","2010","Freehold","Ecco Properties Pte Ltd","Geylang"
"339",458,"The Arte","Condo","1, 2, 3, 4 BR","336","2010","Freehold","City Developments Ltd","Novena"
"340",459,"The Centrepoint","Condo","Studio, 1, 2 BR","66","1983","99","N/A","Orchard"
"341",461,"The Lakeshore","Condo","1, 2, 3, 4 BR","848","2008","99","N/A","Jurong West"
"342",462,"The Madeira","Condo","2, 3, 4 BR","456","2003","99","Janiton Pte Ltd","Bukit Batok"
"343",463,"The Makena","Condo","2, 3, 4, 5 BR","504","1998","Freehold","Hong Leong Holdings & City Developments Ltd","Marine Parade"
"344",464,"The Metropolitan Condominium","Condo","2, 3, 4 BR","382","2009","99","Capitaland & Lippo Group","Bukit Merah"
"345",466,"The Palette","Condo","1, 2, 3, 4, 5 BR","892","2016","99","Hong Realty (Private) Limited, City Developments Ltd","Pasir Ris"
"346",467,"The Princeton","Condo","2 BR","37","1999","Freehold","Teck Chiang Realty","Tanglin"
"347",468,"The Regalia","Condo","1, 3 BR","116","1993","Freehold","Kanopy Investment Pte Ltd (Far East Organization)","River Valley"
"348",469,"The Riverwalk","Condo","Studio, 1, 2, 3 BR","94","1990","99","Premier Realty Pte Ltd","None"
"349",471,"The Sail @ Marina Bay","Condo","Studio, 1, 2, 3, 4, 5 BR","1111","2008","99","City Developments Ltd,AIG Global Real Estate","None"
"350",473,"The Sea View","Condo","1, 3, 4, 5 BR","546","2008","Freehold","N/A","Marine Parade"
"351",474,"The Sunny Spring","Condo","Studio, 1, 3, 4 BR","338","1998","Freehold","Sing-Indo Development Pte Ltd","Geylang"
"352",477,"The Tampines Trilliant","Executive Condo","2, 3, 4, 5 BR","670","2015","99","N/A","Tampines"
"353",478,"The Tapestry","Condo","Studio, 1, 2, 3, 4, 5 BR","861","2021","99","City Developments Limited (CDL)","Tampines"
"354",479,"The Topiary","Condo","Studio, 1, 2, 3, 4, 5 BR","700","2016","99","Peak Living Pte Ltd","Sengkang"
"355",482,"The Tropica","Condo","2, 3, 4, 5 BR","537","2000","99","Aster Land Development Pte Ltd (Hong Leong Holdings)","Tampines"
"356",483,"The Vales","Condo","2, 3 BR","517","2018","99","Anchorvale Residences Pte. Ltd.","Sengkang"
"357",484,"The Windsor","Condo","2, 3, 4 BR","159","1987","Freehold","Island Club Condominium Pte Ltd","Bishan"
"358",485,"The Wisteria","Condo","1, 2, 3, 4 BR","216","2019","99","Northen Resi & Northen Retail","Yishun"
"359",486,"Thomson Euro-Asia","Condo","Studio, 1, 2, 3 BR","136","2002","Freehold","Euro-Asia Realty Pte Ltd","Novena"
"360",488,"Top Ten","Condo","1, 3, 5 BR","11","1989","Freehold","N/A","Newton"
"361",489,"Trellis Towers","Condo","Studio, 1, 3, 4 BR","384","2000","Freehold","City Developments Ltd","Toa Payoh"
"362",491,"Trevista","Condo","Studio, 1, 2, 3, 4 BR","590","2011","99","Choice Homes Gamma Pte Ltd","Toa Payoh"
"363",492,"Twin Heights","Condo","2, 3, 4 BR","132","1999","Freehold","Shaw Properties (1997) Pte Ltd","Novena"
"364",493,"UE Square","Condo","Studio, 1, 2, 3, 4, 5 BR","345","1997","929","United Engineering Ltd","None"
"365",497,"Victory Heights","Condo","3 BR","34","1997","Freehold","Realworth Development Pte Ltd","Novena"
"366",501,"Wandervale","Executive Condo","3, 4 BR","534","2018","99","Sim Lian Group","Choa Chu Kang"
"367",502,"Waterbay","Condo","Studio, 1, 2, 3, 4 BR","383","2016","99","Qingjian Realty (Edgefield Plains) Pte Ltd","Punggol"
"368",503,"Westville","Landed House","1, 2, 3, 4, 5, 6, 7 BR","339","1997","99","First Capital Corporation","Jurong West"
"369",504,"Windy Heights","Condo","3, 4, 5 BR","200","1983","Freehold","Tong It Enterprise Pte Ltd","Bedok"
"370",505,"Wing Fong Mansions","Condo","2, 3 BR","218","1997","Freehold","Wing Fong Development Pte Ltd","Geylang"
"371",506,"Yew Mei Green","Condo","1, 3, 4, 5 BR","712","2000","99","Ntuc Choice Homes Co-Operative Ltd","Choa Chu Kang"
"372",508,"Yishun Sapphire","Condo","2, 3, 4 BR","380","2001","99","Frasers Centrepoint Homes","Yishun"
"373",509,"Tanjong Pagar Plaza","HDB","1, 2 BR","N/A","N/A","99","HDB","None"
"374",510,"10 Shelford","Condo","Studio, 1 BR","69","2014","Freehold","Adam Properties Pte Ltd","Bukit Timah"
"375",511,"10 Tanglin","Condo","2 BR","48","2005","Freehold","N/A","Tanglin"
"376",513,"Jurong East Ville","HDB","Studio, 2, 3, 4, 5 BR","N/A","1982","99","HDB","Jurong East"
"377",514,"Bukit Purmei Ville","HDB","Studio, 1, 2, 3, 4 BR","N/A","1984","99","HDB","Bukit Merah"
"378",515,"111 Emerald Hill","Condo","3, 4, 5 BR","40","2012","Freehold","Emerald Land Pte. Ltd.","Newton"
"379",516,"111 Woodlands Street 13","HDB","N/A","59","1995","N/A","N/A","Woodlands"
"380",518,"119 Marsiling Rise","HDB","N/A","72","1995","N/A","N/A","Woodlands"
"381",519,"149 Silat Avenue","HDB","N/A","140","1982","N/A","N/A","Bukit Merah"
"382",520,"166 Gangsa Road","HDB","N/A","160","1998","N/A","N/A","Bukit Panjang"
"383",521,"18 Woodsville","Condo","Studio, 1, 2, 3 BR","101","2015","Freehold","S P Setia International (S) Pte Ltd","Toa Payoh"
"384",522,"Kebun Baru Link 2","HDB","2, 3, 5 BR","N/A","1981","99","HDB","Ang Mo Kio"
"385",524,"Compassvale South Gate","HDB","3 BR","N/A","2001","99","HDB","Sengkang"
"386",525,"22 Jalan Membina","HDB","N/A","156","2003","N/A","N/A","Bukit Merah"
"387",527,"26 Newton","Condo","1, 2, 3, 5 BR","180","2016","Freehold","Novelty Corp Pte Ltd","Novena"
"388",534,"Marine Crescent Ville","HDB","2, 3, 4 BR","N/A","1975","99","HDB","Marine Parade"
"389",535,"336 River Valley","Condo","2, 3, 4 BR","60","1984","Freehold","N/A","River Valley"
"390",536,"38 Amber","Condo","2, 3 BR","29","2008","Freehold","Ho Brothers Investment Pte Ltd","Marine Parade"
"391",538,"38 I Suites","Condo","Studio, 1, 2 BR","120","2014","Freehold","Sustained Land Pte Ltd","Geylang"
"392",540,"Blangah Court","HDB","Studio, 1, 2, 3 BR","N/A","1976","99","HDB","Bukit Merah"
"393",542,"6 Derbyshire","Condo","Studio, 1, 2, 3, 4 BR","168","2017","Freehold","N/A","Novena"
"394",544,"The Meadows","HDB","1, 2, 3, 4, 5 BR","N/A","2005","99","HDB","Punggol"
"395",545,"723 East Coast Road","Condo","Studio, 1, 4, 6, 7, 8 BR","N/A","N/A","Freehold","N/A","Bedok"
"396",546,"Tiong Bahru Estate","HDB","Studio, 1, 2, 3 BR","N/A","N/A","99","N/A","Bukit Merah"
"397",547,"76 Shenton","Condo","Studio, 1, 2, 5 BR","202","2014","99","Hong Leong House Pte Ltd","None"
"398",553,"8 @ Mount Sophia","Condo","1, 2, 3, 4 BR","313","2007","103","Frasers Centrepoint Homes","None"
"399",554,"8 St Thomas","Condo","1, 2, 3, 4, 5 BR","230","2018","Freehold","Bukit Sembawang Estates Limited","River Valley"
"400",556,"8M Residences","Condo","1, 2, 3 BR","68","2017","Freehold","Gcap Properties Pte Ltd","Marine Parade"
"401",557,"Alba","Condo","3, 4, 5, 6 BR","50","2015","Freehold","Far East Organization Centre Pte Ltd","Newton"
"402",558,"Alexis","Condo","Studio, 1, 2, 3, 4, 5 BR","293","2012","Freehold","Ec Prime Pte Ltd","Queenstown"
"403",560,"Altez","Condo","Studio, 1, 2, 3, 4 BR","280","2014","99","Bishan Properties Pte Ltd","None"
"404",561,"Amaryllis Ville","Condo","1, 2, 3, 4 BR","311","2004","99","Wingrove Investment Pte Ltd (Wingtai Holdings)","Novena"
"405",564,"Amber 45","Condo","1, 2, 3, 4, 5 BR","139","2021","Freehold","UOL","Marine Parade"
"406",567,"Angullia Park Residences @ Orchard","Condo","2, 3, 5 BR","46","2010","Freehold","Hiap Hoe Group","River Valley"
"407",569,"Aquene","Condo","2, 3, 5, 6 BR","22","2008","Freehold","N/A","Bedok"
"408",570,"Ardmore Park","Condo","Studio, 4, 5, 8 BR","330","2001","Freehold","Marco Polo Developments Ltd","Newton"
"409",572,"Ardmore Residence","Condo","3, 4, 5 BR","58","2013","Freehold","Irvine Investments Private Ltd","Newton"
"410",574,"Artra","Condo","Studio, 2, 3, 4, 5, 6 BR","400","2021","99","FEC Skyline Pte Ltd","Bukit Merah"
"411",588,"Aspen Heights","Condo","Studio, 2, 3, 4, 5 BR","606","1998","999","Dbs Realty Pte Ltd","River Valley"
"412",589,"Astoria Park","Condo","2, 3 BR","354","1998","99","Far East Organization","Bedok"
"413",590,"Astrid Meadows","Condo","1, 2, 3, 4 BR","208","1990","Freehold","Parkway Land Pte Ltd","Bukit Timah"
"414",591,"Balmoral Park","Condo","3, 5 BR","34","1983","Freehold","N/A","Tanglin"
"415",592,"Banyan Condominium","Condo","2, 3 BR","104","1995","Freehold","N/A","Queenstown"
"416",593,"Bartley Ridge","Condo","Studio, 1, 2, 3, 4, 5 BR","868","2018","99","Mount V Development Pte Ltd","Toa Payoh"
"417",594,"Bedok Residences","Condo","Studio, 1, 2, 3, 4 BR","583","2015","99","Brilliance Residential (1) Pte Ltd","Bedok"
"418",596,"Bella Casita","Condo","1, 2 BR","57","2013","Freehold","Agrow Development Pte. Ltd.","Geylang"
"419",597,"Belle Vue Residences","Condo","2, 3, 4, 5 BR","176","2011","Freehold","Winquest Investment Pte Ltd (Wing Tai Holdings Ltd)","River Valley"
"420",598,"Bijou","Condo","1, 2, 3 BR","120","2018","Freehold","N/A","Queenstown"
"421",599,"Bliss Residences","Condo","1, 2 BR","23","2008","Freehold","One Two Holdings Pte Ltd","Bedok"
"422",600,"Blu Coral","Condo","1, 3, 4 BR","79","2011","Freehold","World Class Capital Pte Ltd","Bedok"
"423",601,"Buckley 18","Condo","2, 3, 4, 5 BR","49","2009","Freehold","Hong Realty (Private) Ltd","Novena"
"424",602,"Cairnhill Crest","Condo","1, 2, 3, 4, 5 BR","248","2004","Freehold","Property Enterprises Development","Newton"
"425",603,"Cairnhill Nine","Condo","Studio, 1, 2, 3, 4 BR","268","2017","99","CH Residential Pte Ltd & CH Commercial Pte Ltd","Orchard"
"426",604,"Cairnhill Plaza","Condo","3, 4, 5 BR","204","1978","Freehold","United Overseas Land Ltd","Newton"
"427",605,"Cairnhill Residences","Condo","2, 3 BR","97","2009","Freehold","Allgreen Properties Ltd (Cairnhill Green Pte Ltd)","Newton"
"428",606,"Calarasi","Condo","1, 3 BR","99","2004","Freehold","Green Aces Development Pte Ltd","Novena"
"429",607,"Camellia Lodge","Condo","1, 3 BR","32","1998","Freehold","Wing Leong Development Pte Ltd","Geylang"
"430",608,"Caribbean At Keppel Bay","Condo","Studio, 2, 3, 4, 5, 8 BR","969","2004","99","N/A","Bukit Merah"
"431",610,"Casa Merah","Condo","1, 2, 3, 4 BR","556","2009","99","Ntuc Choice Homes, Wing Tai Holdings","Bedok"
"432",611,"Cavenagh Lodge","Condo","1, 2, 3, 5 BR","41","1996","99","Far East Organization","Newton"
"433",612,"Cavendish Park","Condo","2, 3 BR","254","1996","99","First Capital Corporation","Bukit Timah"
"434",613,"Woodgrove Estate","Landed House","Studio, 4, 5, 6, 7, 8, 9 BR","34","2000","99","Woodlands Properties Pte Ltd (Far East)","Woodlands"
"435",614,"Centra Heights","Condo","1, 2 BR","90","2015","Freehold","Fission Capital Pte. Ltd.","Geylang"
"436",615,"Centra Loft","Condo","1, 2 BR","47","2014","Freehold","Trident Development Pte. Ltd.","Geylang"
"437",617,"Changi Rise Condominium","Condo","Studio, 2, 3, 4, 5 BR","598","2004","99","City Developments Limited","Tampines"
"438",618,"Chelsea Lodge","Condo","2, 3 BR","78","2000","Freehold","Ho Bee Developments Pte Ltd","Marine Parade"
"439",620,"City Edge","Condo","1, 2, 3 BR","49","2007","Freehold","Leng Hoe Development Pte Ltd","Novena"
"440",622,"City Gate","Condo","Studio, 1, 2, 3, 4, 5 BR","311","2019","99","Bayfront Ventures Pte Ltd","Kallang"
"441",624,"Citylights","Condo","Studio, 1, 2, 3, 4, 5 BR","600","2007","99","Capitaland Ltd","Kallang"
"442",628,"Clover By The Park","Condo","3, 4 BR","616","2012","99","Sim Lian (Bishan) Pte Ltd","Bishan"
"443",629,"Commonwealth Towers","Condo","Studio, 1, 2, 3, 4, 5 BR","845","2019","99","Wealthall Developments Pte. Ltd.,Hong Leong Holdings Ltd","Queenstown"
"444",631,"Compass Heights","Condo","1, 2, 3, 4, 5 BR","536","2002","99","Nasidon Investments Pte Ltd (Frasers Centrepoint Ltd)","Sengkang"
"445",633,"Costa Rhu","Condo","1, 2, 3, 4 BR","737","1998","99","Amcol Gardens (Tanjong Rhu) Pte Ltd","Kallang"
"446",637,"Dairy Farm Estate","Condo","Studio, 1, 2, 3, 4 BR","477","1989","Freehold","Dairy Farm Estate Pte Ltd","Bukit Panjang"
"447",638,"Devonshire Residences","Condo","1 BR","84","2014","Freehold","Orchard Suites Residence Pte Ltd","River Valley"
"448",639,"D'leedon","Condo","Studio, 1, 2, 3, 4, 5, 6 BR","1723","2015","99","N/A","Bukit Timah"
"449",641,"D'mira","Condo","2, 3 BR","65","2013","Freehold","Mcl Land Development Pte Ltd","Novena"
"450",642,"Duchess Manor","Condo","2, 3, 4 BR","52","2006","999","Ivory Investments Pte Ltd","Bukit Timah"
"451",643,"Duo Residences / Duo Tower","Condo","Studio, 1, 2, 3, 4 BR","660","2017","99","M+S Pte Ltd (A Company Owned By Khazanah And Temasek)","None"
"452",648,"E Maison","Condo","1, 2, 3 BR","130","2016","Freehold","Global Star Development Pte Ltd","Serangoon"
"453",649,"Echelon","Condo","Studio, 1, 2, 3, 4, 5, 6 BR","508","2016","99","Freshview Developments Pte Ltd","Bukit Merah"
"454",651,"Eight Riversuites","Condo","Studio, 1, 2, 3, 4, 5 BR","862","2016","99","Ue Development (Bendemeer) Pte Ltd","Kallang"
"455",654,"Empire Lofts","Condo","1, 2 BR","27","2004","-","Act Development Pte Ltd","None"
"456",655,"Espada","Condo","Studio, 1, 2 BR","232","2013","Freehold","Novelty Orchard Development Pte Ltd","River Valley"
"457",657,"Espana","Condo","2, 3 BR","10","1970","Freehold","N/A","Novena"
"458",659,"Euhabitat","Condo","Studio, 1, 2, 3, 4, 5 BR","748","2016","99","Transurban Properties Pte Ltd And Oph Marymount Ltd","Bedok"
"459",661,"Ferraria Park Condominium","Condo","1, 2, 3, 4 BR","475","2010","Freehold","Tripartite Developers Pte Ltd","Pasir Ris"
"460",662,"Ferrell Residences","Condo","3, 4 BR","34","2013","Freehold","Premium Land Pte Ltd (Ferrell Asset Management Pte Ltd)","Tanglin"
"461",663,"Gem Residences","Condo","Studio, 1, 2, 3, 4, 5 BR","578","2020","99","Gem Homes Pte Ltd","Toa Payoh"
"462",665,"Gilstead Two","Condo","Studio, 2, 5 BR","110","2014","Freehold","Chedstone Investment Holdings Pte Ltd","Novena"
"463",666,"Goldenhill Park Condominium","Condo","2, 3, 4 BR","390","2004","Freehold","City Developments Ltd","Serangoon"
"464",667,"Grandeur 8","Condo","2, 3, 4, 5 BR","579","2005","99","NTUC Choice Homes Co-Operative Limited","Ang Mo Kio"
"465",668,"Grandview Suites","Condo","Studio, 1, 2 BR","75","2015","Freehold","N/A","Geylang"
"466",669,"Grange 70","Condo","3, 4 BR","20","1999","Freehold","Lucky Realty Co. Pte Ltd (Far East)","River Valley"
"467",670,"Grange 80","Condo","3, 4 BR","10","2000","Freehold","Lucky Realty Co. Pte Ltd (Far East)","River Valley"
"468",671,"Grange Heights","Condo","Studio, 2, 3, 4, 5, 6 BR","120","1976","Freehold","Hong Leong Holdings Ltd","River Valley"
"469",672,"Greenwood Mews","Landed House","4, 5 BR","62","2016","103","Golden Development Pte Ltd & Astoria Park Pte Ltd","Bukit Timah"
"470",681,"Guillemard Suites","Condo","Studio, 1, 2, 3 BR","146","2017","Freehold","Mk25 Pte Ltd","Geylang"
"471",682,"Hana","Condo","4, 5 BR","26","2013","99","Millenia Properties Private Limited","Orchard"
"472",683,"Harbour View Towers","Condo","Studio, 1, 2, 3 BR","154","1994","99","Harbour View Development Pte Ltd","Bukit Merah"
"473",684,"Heritage View","Condo","Studio, 1, 2, 3, 4, 5 BR","618","2000","99","Dover Rise Ltd (Far East Organization)","Queenstown"
"474",685,"High Street Centre","Condo","Studio, 1, 2 BR","22","1969","99","N/A","None"
"475",686,"Hills Twoone","Condo","2, 3 BR","71","2019","Freehold","Macly Rl Pte Ltd","Bukit Batok"
"476",687,"Holland Court","Condo","3 BR","22","2010","Freehold","N/A","Bukit Timah"
"477",688,"Eleven @ Holland","Landed House","4, 5, 6 BR","82","2014","99","Clydesbuilt (Holland Link) Pte. Ltd.","Bukit Timah"
"478",690,"Holland Residences","Condo","1, 2, 3 BR","83","2012","Freehold","Holland Village Development Pte Ltd","Bukit Timah"
"479",691,"Horizon Towers","Condo","Studio, 1, 3, 4, 5, 6 BR","210","1984","99","Horizon Towers Pte Ltd","River Valley"
"480",692,"Icon","Condo","Studio, 1, 2, 3 BR","646","2007","99","Lucky Pinnacle Pte Ltd (Far East)","None"
"481",697,"Illuminaire On Devonshire","Condo","Studio, 1, 2 BR","72","2013","Freehold","El Development (Devonshire) Pte Ltd","River Valley"
"482",698,"Intero","Condo","2, 3 BR","48","2008","Freehold","Fortune Homes Pte Ltd","Toa Payoh"
"483",699,"J Gateway","Condo","Studio, 1, 2, 3, 4, 5 BR","738","2017","99","N/A","Jurong East"
"484",700,"Jade Residences","Condo","Studio, 2, 3, 4 BR","171","2017","Freehold","Roxy Residential Pte Ltd","Serangoon"
"485",701,"Ming Park","Landed House","5, 6 BR","41","1978","Freehold","N/A","Bishan"
"486",703,"Eng Aun Park","Landed House","2, 3, 4, 5, 6 BR","N/A","1998","Freehold","N/A","Novena"
"487",704,"JJH Residences","Condo","Studio","4","1984","Freehold","N/A","Serangoon"
"488",705,"Kentish Green","Condo","2, 3 BR","122","1999","99","Kentish View Pte Ltd (Far East Organization)","Kallang"
"489",706,"Kerrisdale","Condo","1, 2, 3, 4, 6 BR","481","2005","99","Beatty Holdings Pte Ltd (Allgreen)","Kallang"
"490",708,"King Albert Lodge","Condo","1, 2, 3 BR","101","1997","Freehold","N/A","Bukit Timah"
"491",710,"Kovan Melody","Condo","2, 3, 4 BR","778","2006","99","Winhome Investment Pte Ltd (Wing Tai Asia)","Hougang"
"492",711,"Lakeholmz","Condo","2, 3, 4 BR","369","2005","99","Frasers Centrepoint Homes","Jurong West"
"493",712,"Lakepoint Condominium","Condo","1, 2, 3, 4 BR","304","1983","99","Jurong Town Corporation","Jurong West"
"494",713,"Lakeside Apartments","Condo","1, 3, 4 BR","120","1970","99","N/A","Jurong East"
"495",714,"Le Nouvel Ardmore","Condo","3, 4, 5 BR","43","2014","Freehold","Wing Tai Holdings Ltd","Newton"
"496",715,"Leedon Residence","Condo","2, 3, 4, 5, 6 BR","381","2015","Freehold","Leedon Residence Development Pte Ltd","Bukit Timah"
"497",718,"Leonie Condotel","Condo","2, 3, 4, 5 BR","120","1997","Freehold","Lucky Square Pte Ltd (Far East Organization)","River Valley"
"498",722,"Leonie Gardens","Condo","3, 4, 5, 6, 7 BR","138","1993","99","Leonie Court Pte Ltd (Capitaland)","River Valley"
"499",724,"Liang Seah Court","Condo","Studio, 2, 3 BR","10","1998","999","Alivestone Investment Pte Ltd","None"
"500",727,"Liv On Wilkie","Condo","Studio, 1, 2, 3 BR","81","2019","Freehold","N/A","None"
"501",728,"Lloyd Sixtyfive","Condo","1, 2, 3, 4, 5 BR","76","2017","Freehold","Tg (2010) Pte Ltd","River Valley"
"502",733,"Loft @ Nathan","Condo","1, 2 BR","121","2014","Freehold","Oxley Jv Pte Ltd","Tanglin"
"503",734,"Lotus @ Joo Chiat","Condo","Studio, 1, 3, 4 BR","49","2001","Freehold","Casuarina Properties Pte Ltd","Geylang"
"504",735,"Lucky Plaza","Condo","2, 3, 4, 5, 6 BR","88","1981","Freehold","N/A","Orchard"
"505",737,"Luma","Condo","1, 2 BR","75","2010","Freehold","Novelty Holdings Pte Ltd","River Valley"
"506",738,"Lumiere","Condo","Studio, 1, 2, 3, 4, 5 BR","168","2010","99","Bs Shenton Pte Ltd","None"
"507",741,"L'viv","Condo","1, 2, 3 BR","100","2013","Freehold","Wing Tai Holdings Ltd","Novena"
"508",742,"M66","Condo","1, 2, 3 BR","70","2016","Freehold","Agrow Realty Pte Ltd","Kallang"
"509",743,"Mackenzie 88","Condo","Studio, 1, 2 BR","55","2009","Freehold","Galaxy Homes Pte Ltd","None"
"510",744,"Mackenzie Regency","Condo","Studio, 1, 3 BR","19","2007","Freehold","Wah Khiaw Properties Pte Ltd","None"
"511",747,"Mandarin Gardens","Condo","Studio, 1, 2, 3, 4, 5, 6 BR","1000","1986","99","Mandarin Gardens Pte Ltd","Bedok"
"512",749,"Marina Bay Residences","Condo","1, 2, 3, 4, 5, 6 BR","428","2010","99","Keppel Land, Hong Kong Land, Cheung Kong Holdings Ltd","None"
"513",753,"Marina One Residences","Condo","Studio, 1, 2, 3, 4, 5, 6 BR","1042","2018","99","Ms Residential 1 Pte. Ltd. / Ms Residential 2 Pte. Ltd.","None"
"514",757,"Townerville","Landed House","1, 2, 3, 4 BR","N/A","N/A","99","Far East Organization","Kallang"
"515",760,"Melinia Court","Condo","1, 2 BR","11","2000","Freehold","N/A","Bedok"
"516",761,"Melrose Park","Condo","3, 4, 5 BR","170","2000","999","Dbs Realty (Private) Limited (Dbs Land Group)","Tanglin"
"517",763,"Mirage Tower","Condo","Studio, 1, 2, 3, 4, 5 BR","248","1996","Freehold","City Developments Ltd","None"
"518",765,"Miro","Condo","1, 2, 3, 4 BR","128","2012","Freehold","Arts Associate Co Pte Ltd","Novena"
"519",766,"Mount Sophia Suites","Condo","Studio, 1, 2 BR","50","2010","Freehold","Bs Mount Sophia Pte Ltd","None"
"520",768,"Nassim Jade","Condo","3, 4, 5 BR","39","1997","Freehold","Allegro Investments Pte Ltd","Tanglin"
"521",770,"Nassim Regency","Condo","3, 4, 7 BR","30","1978","Freehold","Far East Organization","Tanglin"
"522",772,"Nathan Place","Condo","Studio, 1, 2 BR","45","2006","Freehold","Guocoland Limited","Tanglin"
"523",775,"Newton Edge","Condo","Studio, 1, 2, 3, 5 BR","104","2011","Freehold","Macly Capital Pte Ltd","Novena"
"524",777,"Newton One","Condo","2, 3, 4, 5, 6 BR","91","2009","Freehold","Hkcl Investments Pte Ltd","Novena"
"525",778,"Newton Suites","Condo","1, 2, 3 BR","118","2007","Freehold","Uol Development (Novena) Pte Ltd","Novena"
"526",779,"Niven Loft","Condo","Studio, 1, 3 BR","12","2004","Freehold","Wah Khiaw Properties Pte Ltd","None"
"527",781,"Nomu","Condo","1, 2, 3 BR","50","2008","Freehold","Handy Investments Pte Ltd","None"
"528",782,"North Park Residences","Condo","Studio, 1, 2, 3, 4, 5 BR","920","2020","99","Frasers Centrepoint Homes","Yishun"
"529",783,"Nouvel 18","Condo","2, 3, 4, 5, 8 BR","156","2014","Freehold","City Developments Limited,Wing Tai Asia","Newton"
"530",784,"The Berthside","Landed House","4, 5, 6, 7 BR","8","2006","99","Ho Bee (Sentosa) Pte Ltd","None"
"531",786,"One Devonshire","Condo","Studio, 2, 3, 4, 5 BR","152","2012","Freehold","Devonshire Peak Pte Ltd (Allgreen Properties Ltd)","River Valley"
"532",787,"One North Residences","Condo","Studio, 1, 2, 3, 4, 5 BR","405","2009","99","Uol/Kheng Leong/Low Keng Huat","Queenstown"
"533",789,"One Shenton","Condo","Studio, 1, 2, 3, 4, 5, 6 BR","341","2011","99","City Developments Ltd","None"
"534",793,"One St Michael's","Condo","2, 3 BR","131","2009","Freehold","Frasers Centrepoint Homes","Kallang"
"535",794,"Optima @ Tanah Merah","Condo","Studio, 1, 2, 3, 4 BR","297","2012","99","Tid Pte Ltd","Bedok"
"536",795,"Orchard Scotts","Condo","Studio, 1, 2, 3, 4 BR","387","2007","99","Golden Development Pte Ltd (Far East Oranisation)","Newton"
"537",798,"Oxley Edge","Condo","1, 2, 3, 4 BR","45","2016","Freehold","Oxley Mosaic Pte Ltd","River Valley"
"538",800,"Parc Elegance","Condo","Studio, 1, 2, 3, 5 BR","161","2013","Freehold","Fragrance Realty Pte Ltd","Bedok"
"539",802,"Parc Emily","Condo","Studio, 1, 2, 3, 5 BR","295","2008","Freehold","City Developments Ltd","None"
"540",803,"Parc Imperial","Condo","Studio, 1, 2, 3, 5 BR","138","2010","Freehold","Fragrance Properties Pte Ltd","Queenstown"
"541",804,"Parc Mondrian","Condo","2, 3 BR","100","2010","Freehold","Bukit Sembawang Estates Ltd","Toa Payoh"
"542",805,"Parc Stevens","Condo","3, 4, 5 BR","48","2000","Freehold","Stevens Park Pte Ltd (Ayala International Properties Pte Ltd, Hpl & Kuo Properties Pte Ltd)","Tanglin"
"543",812,"Parvis","Condo","Studio, 2, 3, 4, 5 BR","248","2012","Freehold","Calne Pte Ltd","Bukit Timah"
"544",816,"Pastoral View","Condo","1, 2, 3 BR","50","1986","Freehold","Vihin Realty Pte Ltd","Novena"
"545",820,"Pavilion 11","Condo","2, 3, 4 BR","180","2010","Freehold","Uol Development Pte Ltd","Novena"
"546",821,"Llyn Gardens","Landed House","4, 5, 6, 7 BR","40","1991","Freehold","Mansfield Developments Pte Ltd (Keppel Land)","Hougang"
"547",822,"Pollen & Bleu","Condo","1, 2, 3, 4, 5 BR","106","2017","99","Singland Development (Farrer Drive) Pte. Ltd","Tanglin"
"548",823,"Principal Garden","Condo","Studio, 1, 2, 3 BR","663","2019","99","UOL Venture Investments Pte Ltd","Bukit Merah"
"549",824,"PS100","Condo","Studio","N/A","N/A","-","N/A","None"
"550",827,"Queens Peak","Condo","1, 2, 3, 4, 5, 6, 7 BR","736","2020","99","MCC Land ( HY Realty)","Queenstown"
"551",828,"Quinterra","Condo","2, 3, 4, 5 BR","55","2009","99","Ho Bee Group","Bukit Timah"
"552",829,"R66 Apartments","Condo","1, 2, 3 BR","34","2007","Freehold","Fong Tat Holding Pte Ltd","Kallang"
"553",830,"Race Course Mansion","Condo","Studio, 2, 3 BR","16","2005","Freehold","N/A","None"
"554",831,"Reflections At Keppel Bay","Condo","Studio, 1, 2, 3, 4, 5, 7 BR","1129","2011","99","N/A","Bukit Merah"
"555",833,"Regency Park","Condo","3, 4, 5 BR","292","1987","Freehold","Regency Park Pte Ltd","Tanglin"
"556",834,"Reignwood Hamilton Scotts","Condo","3, 4, 5 BR","56","2012","Freehold","Sardinia Properties Pte Ltd","Newton"
"557",835,"Richmond Park","Condo","2, 3 BR","159","1996","Freehold","Tararone Investment Pte Ltd, Topaz Realty Pte Ltd","Newton"
"558",838,"Ridgewood Condominium","Condo","3, 4 BR","464","1981","999","Dillingham Land Singapore","Bukit Timah"
"559",839,"River Place","Condo","1, 2, 3, 4, 5 BR","509","2000","99","Quay Properties Pte Ltd (Far East Organization)","None"
"560",845,"River Valley Apartments","Condo","3, 4, 5 BR","24","1970","Freehold","N/A","Tanglin"
"561",847,"Riverside 48","Condo","1, 2 BR","70","2001","Freehold","Tuan Huat Development Pte Ltd","None"
"562",849,"Rivertrees Residences","Condo","Studio, 1, 2, 3, 4 BR","495","2018","99","Watervine Homes Pte Ltd (Frasers Centrepoint Homes,Sekisui House,Far East Organization)","Sengkang"
"563",850,"Robertson 100","Condo","1, 2, 3, 4, 5 BR","186","2004","Freehold","Mcl Land","None"
"564",852,"Robin Residences","Condo","Studio, 1, 2, 3, 4, 5 BR","134","2016","Freehold","Sing Holdings (Robin) Pte Ltd","Tanglin"
"565",855,"Robin Suites","Condo","1, 2 BR","92","2015","Freehold","Robin25 Pte Ltd","Tanglin"
"566",856,"Robinson Suites","Condo","Studio, 1, 2 BR","167","2014","Freehold","50 Robinson Pte Ltd","None"
"567",857,"Royal Palm Mansions","Condo","3 BR","23","1998","Freehold","Far East Organization","Queenstown"
"568",858,"RV Residences","Condo","Studio, 1, 2, 3, 4 BR","248","2014","999","Asiawide Resources Pte Ltd","Tanglin"
"569",859,"Sage","Condo","3, 4, 5 BR","33","2012","Freehold","Hong Leong Holdings Ltd","Tanglin"
"570",860,"Savannah Condopark","Condo","2, 3, 4, 5 BR","648","2005","99","City Developments Ltd","Tampines"
"571",862,"Scotts Square","Condo","Studio, 1, 2, 3, 5 BR","338","2010","Freehold","Wheelock Properties (S) Ltd","Orchard"
"572",863,"Serenity Park","Condo","2, 3 BR","179","1995","Freehold","Bullion Holdings Pte Ltd (Far East Organization)","Serangoon"
"573",865,"Silversea","Condo","2, 3, 4, 5 BR","383","2014","99","Marina Green Ltd (Far East Organization)","Marine Parade"
"574",866,"Sims Urban Oasis","Condo","Studio, 1, 2, 3, 4, 5 BR","1024","2017","99","GuocoLand Limited","Geylang"
"575",867,"Skies Miltonia","Condo","Studio, 1, 2, 3, 4, 5, 6 BR","410","2016","99","Tg Master Pte Ltd","Yishun"
"576",868,"Skyline @ Orchard Boulevard","Condo","2, 3, 4, 5, 6 BR","40","2015","Freehold","Far East Organization","River Valley"
"577",873,"Skypark","Condo","Studio, 3, 4, 5, 6 BR","29","2010","Freehold","Tg Development Pte Ltd","River Valley"
"578",875,"Skysuites @ Anson","Condo","Studio, 1, 2, 3 BR","360","2015","99","Arcadia Development Pte. Ltd.","None"
"579",878,"Soleil @ Sinaran","Condo","Studio, 1, 2, 3, 4, 5, 6 BR","417","2011","99","Frasers Centrepoint Homes","Novena"
"580",884,"Southbank","Condo","Studio, 1, 2, 3 BR","197","2009","99","Kings & Queens Development Pte Ltd","Kallang"
"581",886,"Spanish Village","Condo","1, 2, 3 BR","226","1987","Freehold","Glory Realty Co Pte Ltd (Far East Organization)","Tanglin"
"582",887,"Spottiswoode Residences","Condo","1, 2, 3, 5 BR","351","2014","Freehold","Uol Development Pte Ltd","Bukit Merah"
"583",889,"Spottiswoode Suites","Condo","1, 2, 3 BR","183","2017","Freehold","Spottiswoode Development Pte Ltd","Bukit Merah"
"584",890,"Spring Grove","Condo","Studio, 1, 2, 3, 4 BR","325","1996","99","Spring Grove Development Pte Ltd (City Developments Ltd)","Tanglin"
"585",893,"St. Regis Residences Singapore","Condo","3, 4, 5 BR","173","2008","999","City Developments Limited","Orchard"
"586",894,"St Thomas Suites","Condo","2, 3, 4, 5, 6 BR","176","2010","Freehold","Frasers Centrepoint Homes","River Valley"
"587",897,"Starlight Suites","Condo","1, 2, 3, 4 BR","105","2015","Freehold","Meadows Property (S'pore) Pte Ltd","River Valley"
"588",898,"Stars Of Kovan","Condo","1, 2, 3, 4 BR","441","2020","99","Asset Legend Limited","Hougang"
"589",900,"Starville","Condo","1, 2, 3 BR","250","2006","Freehold","Koh Brothers Development Pte Ltd, Aig","Bedok"
"590",904,"Suites At Orchard","Condo","1, 2, 3, 5 BR","118","2014","99","Allgreen Properties","None"
"591",905,"Suites @ Newton","Condo","1, 2 BR","67","2016","Freehold","Giant Land Pte Ltd","Novena"
"592",906,"Suites @ Sims","Condo","Studio, 1, 2 BR","48","2014","Freehold","Macly Pte Ltd","Geylang"
"593",907,"Summerhill","Condo","2, 3, 4 BR","406","2002","Freehold","City Developments Ltd","Bukit Batok"
"594",908,"Hampstead","Landed House","4, 5 BR","N/A","N/A","Freehold","N/A","Clementi"
"595",909,"Sunshine Plaza","Condo","Studio, 1, 2, 3 BR","160","2001","99","City Developments Ltd","None"
"596",910,"Tanglin Park","Condo","2, 3, 4, 5 BR","274","1988","Freehold","City Developments Ltd","Tanglin"
"597",911,"Tanglin View","Condo","Studio, 2, 3, 4 BR","384","2002","99","Tanglin View Pte Ltd (Far East Organization)","Bukit Merah"
"598",917,"The Ansley","Condo","1, 2, 3, 4 BR","100","2004","Freehold","Kheng Leong Co Pte Ltd","Novena"
"599",918,"The Arris","Condo","1, 2 BR","63","2003","Freehold","Sembcorp Properties","None"
"600",921,"The Atria At Meyer","Condo","2, 3, 4 BR","157","1996","Freehold","Hong Leong Holdings Ltd","Marine Parade"
"601",922,"The Bencoolen","Condo","2, 3, 4 BR","94","1998","99","N/A","None"
"602",925,"The Blossomvale","Condo","2, 3 BR","220","1999","999","Winjoy Investment Pte Ltd (Wing Tai Holdings)","Bukit Timah"
"603",926,"The Cathay Residences","Condo","2, 3 BR","76","2007","Freehold","Cathay Organisation Holdings Ltd","None"
"604",930,"The Centrio","Condo","1, 2, 3, 4 BR","53","2010","Freehold","Soilbuild Group Holdings Ltd","Novena"
"605",931,"The Clearwater","Condo","1, 2, 3, 4 BR","420","2002","99","Pidemco Land (Clearwater Condominium Pte Ltd)","Bedok"
"606",932,"The Clift","Condo","Studio, 1, 2 BR","312","2011","99","Natwest Development Pte Ltd (Far East Organization)","None"
"607",941,"The Colonnade","Condo","2, 3, 4, 5 BR","90","1986","Freehold","Pontiac Land Pte Ltd","River Valley"
"608",943,"The Concourse","Condo","Studio, 1, 2, 3, 4, 5 BR","N/A","N/A","99","N/A","Kallang"
"609",944,"The Domain","Condo","3, 4 BR","12","1995","Freehold","N/A","Bedok"
"610",945,"The Draycott","Condo","2, 3, 4, 5, 6 BR","132","1980","Freehold","Tan Chwee Boon Pte Ltd","Newton"
"611",946,"The Esta","Condo","1, 2, 3, 4 BR","400","2008","Freehold","Mcl Land Ltd","Marine Parade"
"612",947,"The Estuary","Condo","1, 2, 3, 4 BR","608","2013","99","Mcl Land (Warren) Pte Ltd","Yishun"
"613",948,"The Glyndebourne","Condo","1, 2, 3, 4, 5 BR","150","2014","Freehold","City Developments Ltd","Novena"
"614",950,"The Imperial","Condo","2, 3, 4 BR","187","2006","Freehold","Imperial Realty Limited (Capitaland)","None"
"615",951,"The Laurels","Condo","Studio, 1, 2, 3, 4 BR","229","2013","Freehold","Sing Holdings (Cairnhill) Pte Ltd","Newton"
"616",952,"The Luxe","Condo","2 BR","20","2007","99","JBE Properties Pte Ltd","None"
"617",954,"The Mayfair","Condo","1, 2, 3, 4 BR","452","2000","99","Ssl (Jurong East) Pte Ltd (Keppel Land)","Jurong East"
"618",955,"The Merasaga","Condo","2, 3, 4 BR","116","1995","99","Cycle & Carriage Ltd","Bukit Timah"
"619",956,"The Mkz","Condo","Studio, 1, 2, 3, 4 BR","42","2015","Freehold","Rl Central Pte Ltd","Newton"
"620",957,"The Oliv","Condo","3, 4, 5, 7 BR","23","2013","Freehold","Tg Developments","Tanglin"
"621",958,"The Parc Condominium","Condo","1, 2, 3, 4, 5 BR","659","2010","Freehold","Chip Eng Seng / Lehman Brothers","Clementi"
"622",959,"The Paterson Edge","Condo","Studio, 2, 3 BR","61","1999","Freehold","Sembawang Land Pte Ltd (Sembawang Industrial Pte Ltd)","River Valley"
"623",960,"The Peak @ Cairnhill II","Condo","1, 2 BR","62","2015","Freehold","N/A","Newton"
"624",965,"The Pier @ Robertson","Condo","Studio, 1, 2 BR","201","2006","Freehold","City Developments Limited","None"
"625",966,"The Rise @ Oxley","Condo","Studio, 1, 2, 3, 4 BR","120","2018","Freehold","Oxley Rise Pte Ltd","None"
"626",968,"The Rochester Residences","Condo","Studio, 1, 2, 3, 4, 5 BR","334","2011","99","Ue One-North Developments Pte Ltd","Queenstown"
"627",980,"The Scala","Condo","Studio, 1, 2, 3, 4 BR","468","2014","99","Circle Line Pte Ltd","Serangoon"
"628",981,"The Scotts Tower","Condo","Studio, 1, 2, 3, 4, 5 BR","231","2016","103","Far East Success","Newton"
"629",984,"The Shore Residences","Condo","1, 2, 3, 4, 5 BR","408","2014","103","Dover Rise Ltd / Whitewater Properties Pte Ltd","Marine Parade"
"630",985,"The Stellar","Condo","2, 3, 4 BR","162","2008","Freehold","First Bedok Land Pte Ltd","Clementi"
"631",986,"The Suites @ Central","Condo","1, 2, 3, 4 BR","157","2009","Freehold","Devonshire Development Pte Ltd","River Valley"
"632",990,"The Tate Residences","Condo","3, 4, 5, 6 BR","85","2010","Freehold","Hong Leong Holdings Limited","Newton"
"633",991,"The Trizon","Condo","2, 3, 4 BR","289","2012","Freehold","Ideal Homes Pte Limited","Bukit Timah"
"634",992,"Thomson Three","Condo","1, 2, 3, 4 BR","445","2017","99","United Venture Development (Thomson) Pte. Ltd.","Bishan"
"635",995,"Treasure On Balmoral","Condo","2, 3, 4 BR","48","2013","Freehold","Hiap Hoe Superbowl Jv Pte Ltd","Tanglin"
"636",996,"Trevose Park","Condo","2, 3, 4, 5 BR","150","1991","Freehold","City Developments Ltd","Novena"
"637",997,"Tribeca","Condo","Studio, 1, 2, 3, 4 BR","175","2010","Freehold","City Developments Ltd","None"
"638",998,"Urban Lofts","Condo","Studio, 1, 2 BR","50","2011","Freehold","Ascender Capital Pte Ltd","Kallang"
"639",999,"Urban Vista","Condo","Studio, 1, 2, 3, 4, 5 BR","582","2016","99","Bayfront Realty Pte Ltd","Bedok"
"640",1000,"Urbana","Condo","1, 2, 3, 4 BR","126","2007","Freehold","Sherwood Development Pte Ltd","River Valley"
"641",1001,"V On Shenton","Condo","Studio, 1, 2, 3, 4, 5 BR","510","2017","99","Uic Investments (Properties) Pte Ltd","None"
"642",1004,"Valley Park","Condo","1, 2, 3, 4, 5 BR","728","1997","999","River Valley Properties Pte Ltd","Tanglin"
"643",1005,"Varsity Park Condominium","Condo","2, 3, 4, 5 BR","530","2008","99","Clementi Complex Pte Ltd","Clementi"
"644",1006,"Vida","Condo","1, 2, 3 BR","137","2009","Freehold","Far East Organization","Newton"
"645",1009,"Villa Delle Rose","Condo","3, 4 BR","104","1982","Freehold","Nakhoda Development Pte Ltd","Tanglin"
"646",1011,"Visioncrest","Condo","1, 2, 3 BR","265","2007","Freehold","Wing Tai Asia","None"
"647",1012,"Viva Vista","Condo","Studio, 1, 2 BR","144","2015","Freehold","Hume Homes Pte Ltd (Oxley)","Queenstown"
"648",1014,"Vue 8 Residence","Condo","Studio, 1, 2, 3, 4, 5 BR","463","2017","99","N/A","Pasir Ris"
"649",1015,"Wallich Residence","Condo","1, 2, 3, 4, 5 BR","181","2016","99","Guocoland Limited","None"
"650",1017,"Waterbank At Dakota","Condo","Studio, 1, 2, 3, 4 BR","616","2013","99","UOL Group Limited","Geylang"
"651",1018,"Waterford Residence","Condo","1, 2, 3, 4 BR","118","2010","999","Hoi Hup Realty Pte Ltd","River Valley"
"652",1019,"Waterfront @ Faber","Condo","Studio, 1, 2, 3, 4, 5 BR","210","2018","99","World Class Land Pte Ltd","Clementi"
"653",1020,"Watermark Robertson Quay","Condo","2, 3, 4 BR","206","2008","Freehold","Hong Leong Holdings Ltd","None"
"654",1021,"Waterscape At Cavenagh","Condo","1, 2, 3, 4 BR","200","2014","Freehold","Cavenagh Properties Pte Ltd","Newton"
"655",1027,"Hong Leong Garden","Landed House","2, 3, 4, 5, 6 BR","N/A","N/A","956","N/A","Clementi"
"656",1028,"The Whitley Residences","Landed House","Studio, 4, 5, 6 BR","61","2017","Freehold","Hoi Hup Realty Pte Ltd","Novena"
"657",1032,"Worthington","Condo","Studio, 2, 3 BR","30","2010","Freehold","Ban Kim Lee Development Pte Ltd","Geylang"
"658",1034,"Waterfront Isle","Condo","1, 2, 3, 4 BR","561","2015","99","Fraser Centrepoint Homes","Bedok"
"659",1036,"Westmere","Condo","Studio, 3 BR","286","1999","99","Mere Twr (20Stry Each)/Pidemco Land Pte Ltd","Jurong East"
"660",1037,"1 Canberra","Condo","Studio, 1, 2, 3, 4, 5 BR","665","2015","99","MCC Land (Singapore) Pte Ltd","Yishun"
"661",1040,"Sunset Way Residence","HDB","Studio, 2, 3, 4, 5, 6 BR","N/A","1984","99","HDB","Clementi"
"662",1045,"Bishan View","HDB","2, 3, 4, 5 BR","N/A","1985","99","HDB","Bishan"
"663",1047,"122 Kim Tian Road","HDB","N/A","96","1995","N/A","N/A","Bukit Merah"
"664",1049,"Clarence Ville","HDB","1, 3, 4, 5 BR","N/A","1996","99","HDB","Queenstown"
"665",1052,"179 Bishan Street 13","HDB","N/A","92","1987","N/A","N/A","Bishan"
"666",1053,"186 Punggol Central","HDB","N/A","97","2004","N/A","N/A","Punggol"
"667",1054,"Dover Ville","HDB","1, 2, 3, 4 BR","N/A","1993","99","HDB","Queenstown"
"668",1058,"Everton Park","HDB","Studio, 1, 2, 3, 4 BR","N/A","1980","99","HDB","Bukit Merah"
"669",1059,"211 Serangoon Avenue 4","HDB","N/A","156","1985","N/A","N/A","Serangoon"
"670",1063,"231 Serangoon Avenue 3","HDB","N/A","88","1985","N/A","N/A","Serangoon"
"671",1064,"250 Bishan Street 22","HDB","N/A","91","1992","N/A","N/A","Bishan"
"672",1066,"26 Telok Blangah Crescent","HDB","N/A","96","1975","N/A","N/A","Bukit Merah"
"673",1067,"HDB-Boon Lay","HDB","1, 3, 4, 5 BR","N/A","1995","99","HDB","Jurong West"
"674",1068,"Waterloo Centre","HDB","2, 3 BR","N/A","1978","99","HDB","None"
"675",1069,"270 Bishan Street 24","HDB","N/A","72","1992","N/A","N/A","Bishan"
"676",1070,"271 Bishan Street 24","HDB","N/A","94","1992","N/A","N/A","Bishan"
"677",1071,"Aspella","HDB","3, 4 BR","N/A","2009","99","HDB","Sengkang"
"678",1073,"3 @ Sandilands","Condo","2, 3 BR","20","2011","999","I Development Pte Ltd","Hougang"
"679",1077,"Waterway Terraces I","HDB","1, 2, 3, 4, 5 BR","N/A","N/A","99","HDB","Punggol"
"680",1080,"310B Punggol Walk","HDB","N/A","287","N/A","N/A","N/A","Punggol"
"681",1081,"Waterway Terraces II","HDB","2, 3, 4, 5 BR","N/A","N/A","99","HDB","Punggol"
"682",1082,"Trivelis","HDB","2, 3, 4, 5 BR","N/A","2014","99","HDB","Clementi"
"683",1083,"Clementi Ridges","HDB","2, 3, 4 BR","N/A","2016","99","HDB","Clementi"
"684",1084,"320 Woodlands Street 32","HDB","N/A","32","1985","N/A","N/A","Woodlands"
"685",1085,"355 Tampines Street 33","HDB","N/A","73","1996","N/A","N/A","Tampines"
"686",1086,"The Beo Crescent","HDB","1, 2, 3, 4 BR","N/A","1971","99","HDB","Bukit Merah"
"687",1087,"4 Joo Chiat Road","HDB","N/A","110","1985","N/A","N/A","Geylang"
"688",1088,"408 Hougang Avenue 10","HDB","3 BR","N/A","1986","99","HDB","Hougang"
"689",1089,"Fernvale Riverbow","HDB","2, 3, 4, 5 BR","727","N/A","99","HDB","Sengkang"
"690",1090,"Fajar Hills","HDB","1, 2, 3, 4, 5 BR","N/A","N/A","99","HDB","Bukit Panjang"
"691",1091,"Fernvale Lea","HDB","1, 2, 3, 4, 5 BR","1150","N/A","99","HDB","Sengkang"
"692",1092,"Hougang Parkview","HDB","2, 3, 4, 5 BR","N/A","2015","99","HDB","Hougang"
"693",1093,"Fernvale Rivergrove","HDB","1, 2, 3, 4, 5 BR","N/A","N/A","99","HDB","Sengkang"
"694",1095,"472 Tampines Street 44","HDB","N/A","22","1993","N/A","N/A","Tampines"
"695",1096,"Teck Ghee Horizon","HDB","2, 3 BR","N/A","1979","99","HDB","Ang Mo Kio"
"696",1098,"Boon Tiong Arcadia","HDB","Studio, 1, 2, 3, 5 BR","N/A","2005","99","HDB","Bukit Merah"
"697",1099,"Farrer Gardens","HDB","Studio, 2, 3, 4 BR","N/A","1974","99","HDB","Tanglin"
"698",1103,"Costa Ris","HDB","1, 2, 3, 4, 5 BR","1386","2015","99","HDB","Pasir Ris"
"699",1104,"Pasir Ris One","HDB","2, 3, 4 BR","N/A","N/A","99","HDB","Pasir Ris"
"700",1106,"Guilin Breeze","HDB","2, 3, 4, 6 BR","N/A","1987","99","HDB","Bukit Batok"
"701",1107,"Marine Terrace Haven","HDB","Studio, 2, 3, 4 BR","N/A","1975","99","HDB","Marine Parade"
"702",1110,"620 Hougang Avenue 8","HDB","N/A","132","1985","N/A","N/A","Hougang"
"703",1112,"Waterway Sunbeam","HDB","2, 3, 4, 5 BR","661","N/A","99","HDB","Punggol"
"704",1113,"Redhill Rise","HDB","2, 3 BR","N/A","2001","99","HDB","Bukit Merah"
"705",1114,"72 Grange","Condo","4 BR","18","1995","Freehold","Hasen Pte Ltd, Singapore","River Valley"
"706",1115,"Belvia","HDB","1, 2, 3, 4, 5 BR","N/A","N/A","99","HDB","Bedok"
"707",1117,"8 Farrer Suites","Condo","Studio, 1, 2, 3, 4 BR","34","2017","Freehold","Richcapital Pte. Ltd.","Kallang"
"708",1123,"Ping Yi Greens","HDB","1, 2, 3, 4, 5 BR","N/A","N/A","99","HDB","Bedok"
"709",1127,"Keat Hong Axis","HDB","Studio, 1, 2, 3, 4 BR","N/A","N/A","99","HDB","Choa Chu Kang"
"710",1129,"82 Bedok North Road","HDB","N/A","131","1978","N/A","N/A","Bedok"
"711",1131,"873 Yishun Street 81","HDB","N/A","116","1988","N/A","N/A","Yishun"
"712",1132,"SkyVille @ Dawson","HDB","2, 3, 4, 5 BR","N/A","N/A","99","HDB","Queenstown"
"713",1134,"9 Joo Seng Road","HDB","2, 3, 4 BR","146","N/A","99","HDB","Toa Payoh"
"714",1137,"93 Bedok North Avenue 4","HDB","N/A","133","1979","N/A","N/A","Bedok"
"715",1142,"Affinity At Serangoon","Condo","Studio, 1, 2, 3, 4, 5 BR","1057","2024","99","Oxley Holdings, Lian Beng Group, Apricot Capital and entities of KSH Holdings and Heeton Holdings","Serangoon"
"716",1144,"Ascentia Sky","Condo","2, 3, 4 BR","373","2013","99","Winpride Investment Pte Ltd (Wingtai Asia)","Bukit Merah"
"717",1145,"1B Asimont Lane","Landed House","5, 6 BR","N/A","N/A","Freehold","N/A","Novena"
"718",1146,"Auralis","Condo","1, 2, 3, 4 BR","56","2013","Freehold","N/A","Bedok"
"719",1147,"Austville Residences","Condo","2, 3, 4 BR","540","2014","99","Maxlee Development Pte Ltd","Sengkang"
"720",1148,"Avenue South Residence","Condo","Studio, 1, 2, 3, 4, 5 BR","1074","2023","99","UOL Group Limited","Bukit Merah"
"721",1156,"Beacon Heights","Condo","1, 2, 3, 4 BR","212","2012","999","St Michael's Development Pte Ltd (Kim Eng Group)","Kallang"
"722",1157,"Bellewaters","Condo","1, 3, 4 BR","651","2017","99","Qingjian Realty (Anchorvale) Pte Ltd","Sengkang"
"723",1158,"Bellezza @ Katong","Condo","1 BR","24","2008","Freehold","Everspring Realty Pte Ltd","Marine Parade"
"724",1161,"Bishan Point","Condo","2, 3, 4 BR","164","2005","99","First Coventry Development Pte Ltd","Bishan"
"725",1162,"Blossom Residences","Condo","1, 2, 3, 4 BR","602","2014","99","Grand Isle Holdings Pte Ltd (City Developments Ltd)","Bukit Panjang"
"726",1165,"Bluwaters 2","Condo","2, 3, 4 BR","71","2010","946","Novelty Capital Pte Ltd","Pasir Ris"
"727",1166,"Boulevard 88","Condo","2, 3, 4, 5 BR","154","2022","Freehold","Granmil Holdings Pte Ltd (Joint Venture by Hong Leong Holdings, City Developments Limited CDL and Lea Investments)","Orchard"
"728",1170,"Carissa Park Condominium","Condo","1, 2, 3, 4 BR","528","2003","Freehold","Tripartite Developers Pte Ltd","Pasir Ris"
"729",1171,"Casabella","Condo","2, 3, 4, 5 BR","82","2005","Freehold","Crl Realty Pte Ltd (Capitaland)","Bukit Timah"
"730",1172,"Cascata","Condo","3 BR","16","2005","Freehold","Tke Development Pte Ltd/Mktg","Bedok"
"731",1174,"Cavan Suites","Condo","Studio, 1 BR","36","2013","Freehold","World Class Property (Central) Pte Ltd","Kallang"
"732",1175,"Changi Garden","Condo","1, 2, 3, 4 BR","N/A","N/A","-","N/A","Pasir Ris"
"733",1177,"Chwee Chian View","Landed House","3, 4 BR","N/A","1991","Freehold","City Developments Ltd","Queenstown"
"734",1178,"City Loft","Condo","1, 2 BR","40","2011","Freehold","Ascend Capital Pte Ltd","Kallang"
"735",1179,"City Studios","Condo","Studio, 1, 2 BR","28","2010","Freehold","Success Century Investment Pte Ltd","None"
"736",1184,"Clavon","Condo","Studio, 1, 2, 3, 4, 5 BR","640","N/A","99","United Venture Development (Clementi 1) Pte Ltd","Clementi"
"737",1188,"Coco Palms","Condo","Studio, 1, 2, 3, 4, 5, 6 BR","944","2019","99","N/A","Pasir Ris"
"738",1190,"Corals At Keppel Bay","Condo","1, 2, 3, 4, 5 BR","366","2016","99","N/A","Bukit Merah"
"739",1192,"Costa Del Sol","Condo","Studio, 2, 3, 4 BR","906","2003","99","Japura Development Project Pte Ltd (Cheong Kong Holdings)","Bedok"
"740",1193,"Serangoon Garden Estate","Landed House","Studio, 1, 2, 3, 4, 5, 6, 7, 8, 9, 10 BR","N/A","2014","999","N/A","Serangoon"
"741",1201,"Dover Parkview","Condo","1, 2, 3 BR","686","1997","99","Dover Palisades Pte Ltd (Far East Organization)","Queenstown"
"742",1203,"Eastvale","Condo","2, 3, 4 BR","312","1999","99","Pidemco Land Ltd","Pasir Ris"
"743",1204,"Eastwood Regency","Condo","Studio, 1, 2 BR","75","2013","Freehold","Fragrance Realty Pte Ltd","Bedok"
"744",1208,"Eden Crest","Condo","3 BR","16","2005","Freehold","Fragrance Properties Pte Ltd","Serangoon"
"745",1209,"Elias Green","Condo","2, 3 BR","419","1994","99","Elias Development Pte Ltd","Pasir Ris"
"746",1211,"Eon Shenton","Condo","Studio, 1, 2, 3 BR","132","2019","99","70 Shenton Pte Ltd","None"
"747",1220,"Flamingo Valley","Condo","Studio, 1, 2, 3, 4, 5 BR","393","2014","Freehold","Frasers Centrepoint Limited","Bedok"
"748",1221,"Flo Residence","Condo","Studio, 2, 3, 4 BR","530","2016","99","N/A","Punggol"
"749",1222,"Fontaine Parry","Condo","2, 3, 5, 6 BR","125","2010","999","Grensburg Investment Pte Ltd (Oub Centre Ltd)","Hougang"
"750",1223,"Forest Woods","Condo","1, 2, 3, 4 BR","519","2021","99","City Developments Limited (CDL)","Serangoon"
"751",1225,"Frankel Estate","Landed House","Studio, 2, 3, 4, 5, 6, 7, 8, 9, 10 BR","N/A","2014","Freehold","N/A","Bedok"
"752",1226,"Fulcrum","Condo","1, 2, 5 BR","128","2016","Freehold","Cel-Fort Pte Ltd","Kallang"
"753",1231,"Gerald Residence","Landed House","4, 5 BR","30","2001","999","N/A","Hougang"
"754",1232,"Grand Residence","Condo","2 BR","12","2008","Freehold","Teambuild Development (S) Pte Ltd","Bedok"
"755",1233,"Grange Infinite","Condo","3, 4, 8 BR","68","2011","Freehold","Grange Properties Pte Ltd (Chip Eng Seng Corporation Ltd)","River Valley"
"756",1237,"Hedges Park Condominium","Condo","1, 2, 3, 4 BR","501","2014","99","Tripartite Developers Pte Ltd","Pasir Ris"
"757",1239,"High Park Residences","Condo","Studio, 1, 2, 3, 4, 5 BR","1399","2019","99","CEL Development","Sengkang"
"758",1243,"Highline Residences","Condo","Studio, 1, 2, 3, 4, 6 BR","500","2018","99","Harvestland Developement Pte Ltd (Keppel Land)","Bukit Merah"
"759",1244,"Hilbre 28","Condo","2, 3, 4, 5 BR","28","2018","999","Development 72 Pte Ltd","Hougang"
"760",1245,"Hillington Green","Condo","2, 3, 4 BR","522","2002","999","Intrepid Investments (Hong Leong Holdings)","Bukit Batok"
"761",1246,"Hillsta","Condo","1, 2, 3, 4, 5 BR","416","2017","99","Trusthouse Pte Ltd","Bukit Batok"
"762",1250,"Imperial Heights","Condo","1, 2, 3 BR","100","2009","Freehold","Fragrance Properties Pte Ltd","Geylang"
"763",1253,"JadeScape","Condo","1, 2, 3, 4, 5, 6 BR","1206","2023","99","Qingjian Realty","Bishan"
"764",1259,"Kembangan Estate","Landed House","Studio, 2, 3, 4, 5, 6, 7, 8, 10 BR","N/A","N/A","Freehold","N/A","Bedok"
"765",1261,"Sembawang Straits Estate","Landed House","2, 3, 4, 5, 6 BR","N/A","1997","Freehold","N/A","Sembawang"
"766",1262,"29 Jalan Sentosa","Landed House","5 BR","N/A","N/A","-","N/A","Bedok"
"767",1263,"Jansen 28","Condo","3 BR","30","2000","999","Ms Koh Siew Hoon / Mr Neo Eng Kiat","Hougang"
"768",1264,"Jervois Jade Apartments","Condo","2, 3 BR","45","2000","99","Guthrie Properties Singapore Pte Ltd","Tanglin"
"769",1265,"Kim Keat Gardens","Condo","3 BR","13","2003","99","Kim Keat Garden Pte Ltd","Novena"
"770",1266,"Kingsford . Hillview Peak","Condo","Studio, 1, 2, 3, 4 BR","512","2016","99","Kingsford Development Pte Ltd","Bukit Batok"
"771",1268,"La Fiesta","Condo","Studio, 1, 2, 3, 4, 5 BR","810","2017","99","El Development (Sengkang) Pte Ltd","Sengkang"
"772",1270,"Laguna Green","Condo","2, 3, 4 BR","121","1998","99","Far East Organization","Bedok"
"773",1271,"Lakeville","Condo","1, 2, 3, 4, 5 BR","696","2018","99","MCL Land (Prestige)","Jurong West"
"774",1273,"Le Quest","Condo","Studio, 1, 2, 3, 4, 5 BR","516","2020","99","Qingjian International (South Pacific) Group","Bukit Batok"
"775",1275,"Teacher's Housing Estate","Landed House","2, 3, 4, 5, 6 BR","N/A","1970","999","N/A","Ang Mo Kio"
"776",1277,"Lincoln Suites","Condo","Studio, 1, 2, 3, 4, 5 BR","175","2014","Freehold","Phileap Pte Ltd","Novena"
"777",1280,"Loft @ Stevens","Condo","1, 2 BR","44","2014","Freehold","Oxley Concept Pte Ltd","Tanglin"
"778",1282,"Hoover Park","Landed House","3, 4, 6, 7 BR","N/A","1970","Freehold","N/A","Bukit Timah"
"779",1285,"M21","Condo","1, 2, 3, 4 BR","61","2012","Freehold","Fortune Capital Pte Ltd","Novena"
"780",1290,"Maplewoods","Condo","2, 3, 4, 5 BR","697","1997","Freehold","Evermore Investments Pte Ltd (Wing Tai Asia)","Bukit Timah"
"781",1292,"Marina Bay Suites","Condo","1, 2, 3, 4, 5 BR","221","2013","99","Keppel Land, Cheung Kong Holdings,Hongkong Land","None"
"782",1296,"Martin Modern","Condo","1, 2, 3, 4, 5 BR","450","2020","99","Guocoland / First Bedok Land Pte Ltd","River Valley"
"783",1298,"Mayfair Modern","Condo","1, 2, 3, 4, 5 BR","171","2024","99","Citrine Property (Oxley Holdings)","Bukit Timah"
"784",1300,"Mandai Garden","Landed House","Studio, 3, 4, 5, 6 BR","N/A","N/A","999","N/A","Yishun"
"785",1301,"Meyer Mansion","Condo","1, 2, 3, 4, 5 BR","200","2024","Freehold","Guocoland","Marine Parade"
"786",1303,"Peach Garden","Landed House","4, 5 BR","41","1970","Freehold","N/A","Marine Parade"
"787",1304,"Midtown Residences","Condo","Studio, 1, 2, 3 BR","160","2016","99","Oxley-Lian Beng Pte Ltd","Hougang"
"788",1306,"Mount Sinai","Landed House","2, 3, 4, 5, 6 BR","N/A","N/A","999","N/A","Bukit Timah"
"789",1308,"My Manhattan","Condo","Studio, 1, 2, 3, 4 BR","301","2014","99","Cel-Simei Pte Ltd","Tampines"
"790",1310,"Natura @ Hillview","Condo","1, 2, 3 BR","193","2016","Freehold","Mequity (Hillview) Pte Ltd","Bukit Batok"
"791",1311,"Newest","Condo","Studio, 1, 2, 4, 5, 6 BR","136","2017","956","Oxley Viva Pte. Ltd","Clementi"
"792",1313,"Este Villa","Landed House","Studio, 3, 4, 5, 6, 7 BR","121","2013","Freehold","Kedron Investments Pte Ltd","Serangoon"
"793",1314,"Nin Residence","Condo","1, 2, 3, 5, 6 BR","219","2014","99","Qingjian Realty (Serangoon) Pte Ltd","Toa Payoh"
"794",1315,"Nine Residences","Condo","Studio, 1, 2, 3, 4 BR","186","2017","99","Cel-Yishun (Residential) Pte Ltd","Yishun"
"795",1316,"Noma","Condo","Studio, 1, 2, 3, 4, 5 BR","50","2023","Freehold","Macly Group","Geylang"
"796",1317,"Normanton Park","Condo","1, 2, 3, 4, 5, 6, 7 BR","1862","N/A","99","Kingsford Huray Development Pte Ltd","Queenstown"
"797",1326,"Olloi","Condo","3, 4, 5 BR","34","2022","Freehold","K16 Development Private Limited","Geylang"
"798",1327,"One Amber","Condo","Studio, 1, 2, 3, 4 BR","562","2010","Freehold","Brendale Pte Ltd","Marine Parade"
"799",1328,"One Pearl Bank","Condo","Studio, 1, 2, 3, 4, 5 BR","774","2023","99","CapitaLand","None"
"800",1331,"Kim Lin Park","Landed House","2, 3, 4, 5, 6, 7, 8 BR","N/A","N/A","Freehold","N/A","River Valley"
"801",1333,"OUE Twin Peaks","Condo","Studio, 1, 2, 3, 5 BR","462","2014","99","Cove Development Pte Ltd","River Valley"
"802",1336,"Palm Galleria","Condo","1, 2, 3 BR","40","2010","Freehold","World Class Land Pte Ltd","Bedok"
"803",1337,"Palm Loft","Condo","3 BR","19","2009","Freehold","World Class Land Pte Ltd","Geylang"
"804",1338,"Palm Oasis","Condo","2, 3, 4 BR","56","2009","Freehold","World Class Property Pte Ltd","Bedok"
"805",1340,"Parc Botannia","Condo","Studio, 1, 2, 3, 4, 5 BR","735","2021","99","Sing Development and Wee Hur Development","Sengkang"
"806",1341,"Parc Centros","Condo","1, 2, 3, 4 BR","618","2016","99","Wee Hur Holdings","Punggol"
"807",1342,"Parc Clematis","Condo","Studio, 1, 2, 3, 4, 5, 6 BR","1468","2023","99","Sing-Haiyi Gold","Clementi"
"808",1344,"Parc Komo / Komo Shoppes","Condo","1, 2, 3, 4, 5 BR","276","2023","Freehold","Chip Eng Seng","Pasir Ris"
"809",1348,"Parc Rosewood","Condo","1, 2, 3, 4, 5 BR","689","2014","99","Kensington Land Pte Ltd","Woodlands"
"810",1351,"Parc Sophia","Condo","1, 2 BR","152","2013","Freehold","Oxley Ventures Pte Ltd","None"
"811",1355,"Parkview Apartments","Condo","1, 2, 3 BR","532","1998","99","N/A","Bukit Batok"
"812",1356,"Pasir Ris Beach Park","Landed House","3, 4, 5, 6, 7, 9 BR","N/A","1977","-","N/A","Pasir Ris"
"813",1357,"Pebble Bay","Condo","Studio, 1, 2, 3, 4, 5 BR","510","1997","99","Dbs Property Services Ltd (Capitaland)","Kallang"
"814",1358,"Penrose","Condo","Studio, 1, 2, 3, 4 BR","566","2024","99","NovaSims Development Pte Ltd","Geylang"
"815",1360,"Pinehurst Condominium","Condo","2 BR","41","1993","Freehold","Jihe Property Pte Ltd","Bedok"
"816",1361,"Pinevale","Condo","2, 3, 4 BR","322","1999","99","Pinevale Condominium Pte Ltd (Capitaland)","Tampines"
"817",1362,"Prime Residence","Condo","1, 2 BR","39","2014","Freehold","Springlife Development Pte Ltd","Geylang"
"818",1363,"Prive","Condo","Studio, 1, 2, 3, 4 BR","680","2013","99","Punggol Field Ec Pte Ltd","Punggol"
"819",1371,"Rezi 26","Condo","1, 2, 3 BR","106","2015","Freehold","N/A","Geylang"
"820",1372,"Riverbank @ Fernvale","Condo","Studio, 1, 2, 3, 4 BR","555","2017","99","Uol Development (Sengkang) Pte. Ltd.","Sengkang"
"821",1374,"Riversails","Condo","Studio, 1, 2, 3, 4 BR","921","2017","99","AllGreen properties limited","Hougang"
"822",1377,"Rivervale Crest","Condo","Studio, 2, 3, 4 BR","490","2003","99","NTUC Choice Homes","Sengkang"
"823",1378,"Riviere","Condo","1, 2, 3, 4, 5 BR","455","2023","99","Frasers Property","None"
"824",1382,"Robertson Edge","Condo","1, 2 BR","70","2008","999","Csa Venture Pte Ltd","River Valley"
"825",1383,"Roots @ Transit","Condo","1, 2, 3 BR","31","2023","99","Soonbee Investment Holdings Pte Ltd","Yishun"
"826",1386,"RV Altitude","Condo","1, 2 BR","140","2022","Freehold","RH Capital Two Pte. Ltd.","River Valley"
"827",1393,"Sea Esta","Condo","1, 2, 3, 4, 5 BR","376","2016","99","Hoi Hup Sunway Pasir Ris Pte Ltd","Pasir Ris"
"828",1394,"Seastrand","Condo","Studio, 1, 2, 3, 4 BR","472","2014","99","Precious Sand Pte Ltd (Far East Organization,Frasers Centrepoint Homes)","Pasir Ris"
"829",1395,"Seletar Park Residence","Condo","1, 2, 3, 4 BR","276","2015","99","Asplenium Land Pte Ltd","Serangoon"
"830",1398,"Sembawang Cottage","Condo","Studio, 3 BR","20","1998","Freehold","Management Development &  Construction Pte Ltd","None"
"831",1399,"Sengkang Grand Residences","Condo","1, 2, 3, 4 BR","680","2022","99","Siena Residential Development Pte Ltd and Siena Trustee Pte Ltd (Subsidiary CapitaLand and CDL)","Sengkang"
"832",1400,"Sennett Residence","Condo","Studio, 1, 2, 3, 4, 5, 6, 7 BR","338","2017","99","Clerodendrum Land Pte Ltd","Toa Payoh"
"833",1404,"Shamrock Park","Landed House","3, 4, 5, 6, 7, 8, 10 BR","N/A","2008","Freehold","N/A","Bukit Timah"
"834",1405,"Sky Everton","Condo","1, 2, 3, 4, 5, 6 BR","262","2023","Freehold","Sustained Land","Bukit Merah"
"835",1406,"Sky Habitat","Condo","1, 2, 3, 4 BR","509","2015","99","Bishan Residential Development Pte Ltd","Bishan"
"836",1408,"Sky Vue","Condo","1, 2, 3, 4, 5 BR","694","2016","99","N/A","Bishan"
"837",1409,"Skyline Residences","Condo","Studio, 1, 2, 3, 4 BR","283","2015","Freehold","Bukit Sembawang View Pte Ltd","Bukit Merah"
"838",1410,"Skypark Residences","Condo","3, 4, 5 BR","506","2016","99","N/A","Sembawang"
"839",1411,"Sophia Residence","Condo","1, 2, 3, 4, 5 BR","272","2014","Freehold","Sophia Residence Development Pte Ltd","None"
"840",1412,"South Beach Residences","Condo","2, 3, 4, 5 BR","171","2016","99","City Developments","None"
"841",1414,"Spring @ Katong","Condo","3 BR","52","2007","Freehold","Everspring Property Pte Ltd","Marine Parade"
"842",1415,"St. Martin Residence","Condo","1, 2, 3, 5 BR","82","2001","Freehold","N/A","Tanglin"
"843",1417,"Stirling Residences","Condo","1, 2, 3, 4, 5 BR","1259","2022","99","LN Development (Stirling) Pte Ltd","Queenstown"
"844",1420,"Stratford Court","Condo","Studio, 1, 2, 3 BR","268","1998","99","First Changi Development Pte Ltd (First Capital Corporation)","Bedok"
"845",1421,"Stratum","Condo","Studio, 1, 2, 3, 4, 5 BR","380","2016","99","Elitist Development Pte. Ltd","Pasir Ris"
"846",1422,"Suites 28","Condo","Studio, 1, 2, 3 BR","64","2015","Freehold","Wenul Properties Pte Ltd","Geylang"
"847",1424,"Suites De Laurel","Condo","Studio, 1, 2, 3 BR","72","2012","999","Sustained Land Pte Ltd","Bukit Timah"
"848",1425,"Suites @ Eastcoast","Condo","Studio, 1, 2 BR","116","2014","Freehold","Fragrance Properties Pte Ltd","Bedok"
"849",1426,"Suites @ Guillemard","Condo","1, 2 BR","72","2014","Freehold","Oxley Land Pte Ltd","Geylang"
"850",1427,"Suites @ Paya Lebar","Condo","Studio, 1, 2 BR","99","2014","Freehold","Fragrance Properties Pte. Ltd.","Hougang"
"851",1429,"Sunnyvale Residences","Condo","3, 4 BR","30","2018","Freehold","N/A","Bedok"
"852",1430,"Alana","Landed House","3, 4 BR","78","N/A","103","Far East Organization","Ang Mo Kio"
"853",1431,"Cabana","Landed House","3, 4, 5 BR","119","2013","103","Bullion Holdings Pte Ltd & Cabana Jv Pte Ltd","Ang Mo Kio"
"854",1434,"Sunshine Mansions","Condo","2 BR","14","2006","Freehold","Fragrance Homes Pte Ltd","Bedok"
"855",1435,"Symphony Suites","Condo","Studio, 1, 2, 3, 4, 5 BR","660","2019","99","N/A","Yishun"
"856",1438,"The Alps Residences","Condo","Studio, 1, 2, 3, 4, 5 BR","626","2020","99","MCC Land","Tampines"
"857",1439,"The Antares","Condo","Studio, 1, 2, 3, 4 BR","265","2022","99","FSKH Development","Geylang"
"858",1440,"The Arcadia","Condo","3, 4, 5 BR","164","1983","99","N/A","Bukit Timah"
"859",1441,"The Ariel","Condo","2, 3 BR","20","2011","Freehold","Hnb Builders Pte Ltd","Geylang"
"860",1443,"The Asana","Condo","1, 2, 3 BR","48","2019","Freehold","Arum Land Pte Ltd","Bukit Timah"
"861",1444,"The Aston","Condo","1, 2, 3 BR","80","2002","Freehold","Parryview Holdings Pte Ltd","Tanglin"
"862",1445,"The Bayshore","Condo","2, 3, 4, 5, 6 BR","1038","1996","99","Bayshore Park Pte Ltd (Far East Organization)","Bedok"
"863",1447,"The Bently Residences @ Kovan","Condo","1, 2, 3 BR","48","2016","Freehold","N/A","Hougang"
"864",1448,"The Berth By The Cove","Condo","Studio, 2, 3, 4, 5, 6 BR","200","2006","99","Ho Bee Group","None"
"865",1449,"The Centris","Condo","2, 3, 4 BR","610","2009","99","Prime Point Realty (Guthrie Group)","Jurong West"
"866",1450,"The Crest","Condo","Studio, 1, 2, 3, 4, 5 BR","469","2018","99","Wingcrown Investment Pte Ltd (Wing Tai Asia)","Bukit Merah"
"867",1452,"The Eastside","Condo","3 BR","32","2006","Freehold","Hoi Hup Jv Development Pte Ltd","Marine Parade"
"868",1453,"The Esparis","Condo","3, 4 BR","274","2005","99","City Developments Ltd","Pasir Ris"
"869",1455,"The Florida","Condo","1, 3, 4 BR","496","2000","99","City Developments Ltd","Hougang"
"870",1456,"The Gale","Condo","1, 2, 3, 4 BR","329","2014","Freehold","Tripartite Developers Pte Ltd","Pasir Ris"
"871",1457,"The Garden Residences","Condo","Studio, 1, 2, 3, 4, 5 BR","613","2021","99","Keppel Land & Wing Tai","Serangoon"
"872",1464,"The Glades","Condo","Studio, 1, 2, 3, 4, 5 BR","726","2017","99","N/A","Bedok"
"873",1465,"The Greenwich","Condo","Studio, 1, 2, 3, 4, 5, 6, 7 BR","319","2014","99","Far East Square Pte Ltd","Serangoon"
"874",1468,"The Hillier","Condo","Studio, 1, 2, 5 BR","528","2016","99","Far East Organization","Bukit Batok"
"875",1469,"The Interlace","Condo","Studio, 2, 3, 4, 5 BR","1040","2015","99","Ankerite Pte Ltd","Bukit Merah"
"876",1470,"The Iveria","Condo","1, 2, 3, 4, 5 BR","51","2023","Freehold","Macly Group","River Valley"
"877",1471,"The Jade","Condo","2, 3, 4 BR","280","2004","99","Sim Lian (Bukit Batok) Pte Ltd","Bukit Batok"
"878",1472,"The Lanai","Condo","2, 3, 4 BR","214","2015","999","N/A","Bukit Batok"
"879",1473,"The Line @ Tanjong Rhu","Condo","1, 2, 3, 4 BR","130","2016","Freehold","Lakeview Investments Pte Ltd","Kallang"
"880",1475,"The Lumos","Condo","1, 2, 3, 4, 5 BR","53","2011","Freehold","Buildhome Pte Ltd (Koh Brothers Development Pte Ltd, Heeton Holdings Ltd)","River Valley"
"881",1477,"The M","Condo","Studio, 1, 2, 3 BR","522","2024","99","Wing Tai Holdings","None"
"882",1481,"The Mint Residences","Condo","2, 3 BR","24","2009","Freehold","Oaktree Properties Pte Ltd","Geylang"
"883",1482,"The Minton","Condo","Studio, 1, 2, 3, 4, 5 BR","1145","2014","99","Peak Garden Pte Ltd","Hougang"
"884",1483,"The Montana","Condo","1, 2, 3 BR","108","2002","Freehold","Koh Brothers Development Pte Ltd","Tanglin"
"885",1486,"The Panorama","Condo","1, 2, 3, 5 BR","698","2019","99","Pinehill Investments Pte. Ltd.","Ang Mo Kio"
"886",1489,"The Poiz Residences","Condo","Studio, 1, 2, 3, 4, 5 BR","731","2019","99","MCC Land","Toa Payoh"
"887",1490,"The Reef At King's Dock","Condo","Studio, 1, 2, 3, 4, 5, 6 BR","429","N/A","-","Harbourfront Three Pte Ltd","Bukit Merah"
"888",1493,"The Skywoods","Condo","1, 2, 3, 4 BR","420","2016","99","Bukit Timah Green Development Pte Ltd","Bukit Panjang"
"889",1494,"The Sorrento","Condo","1, 2, 3 BR","131","2015","Freehold","Allgreen Properties Limited","Clementi"
"890",1496,"The Tembusu","Condo","Studio, 1, 2, 3, 4 BR","337","2017","Freehold","Winsmart Investment Pte Ltd (Wing Tai Asia)","Hougang"
"891",1498,"The Tennery","Condo","Studio, 1, 2 BR","388","2013","99","Dollar Land Singapore Private Limited","Choa Chu Kang"
"892",1508,"The Tre Ver","Condo","Studio, 1, 2, 3, 4, 5 BR","729","2022","99","UVD (Projects) Pte. Ltd (JV of UOL Group Ltd and United Industrial Corporation Ltd)","Toa Payoh"
"893",1509,"The Venue Residences","Condo","1, 2, 3, 4 BR","266","2017","99","City Development Limited (CDL)","Toa Payoh"
"894",1512,"Thomson Grand","Condo","2, 3, 4, 5 BR","361","2015","99","Luxury Green Development Pte Ltd","Bishan"
"895",1513,"Tiara","Condo","Studio, 2, 3, 4 BR","264","1995","Freehold","Midpoint Properties Pte Ltd","None"
"896",1517,"TRE Residences","Condo","Studio, 1, 2, 3, 4 BR","250","2018","99","N/A","Geylang"
"897",1519,"Treasure at Tampines","Condo","Studio, 1, 2, 3, 4, 5 BR","2203","2023","99","SIm Lian Group Limited","Tampines"
"898",1524,"Sentosa Cove","Landed House","2, 3, 4, 5, 6, 7, 8, 10 BR","N/A","2010","103","Ho Bee (Sentosa) Pte Ltd","None"
"899",1525,"Treasures @ G20","Condo","Studio, 1 BR","38","2016","Freehold","Jk 989 Development Pte Ltd","Geylang"
"900",1526,"Trilight","Condo","Studio, 2, 3, 4, 5 BR","205","2012","Freehold","Pacific Rover Pte Ltd","Novena"
"901",1527,"Trilive","Condo","Studio, 1, 2, 3, 4 BR","217","2018","Freehold","Rh Tampines Pte Ltd","Hougang"
"902",1529,"Twin VEW","Condo","Studio, 1, 2, 3, 4, 5 BR","520","2022","99","China Construction Development Co. Pte Ltd","Clementi"
"903",1531,"Twin Waterfalls","Condo","Studio, 1, 2, 3, 4 BR","728","2015","99","Frasers Centrepoint Homes,Keong Hong Holdings Ltd","Punggol"
"904",1532,"Vacanza @ East","Condo","Studio, 1, 2, 3, 4, 6 BR","473","2014","Freehold","Hoi Hup Sunway Property Pte Ltd","Bedok"
"905",1533,"Vibes @ East Coast","Condo","1, 2, 3, 5 BR","117","2015","Freehold","Oxley Module Pte Ltd","Bedok"
"906",1534,"Village @ Pasir Panjang","Condo","2, 3, 4 BR","148","2016","Freehold","Champsworth Development Pte Ltd","Queenstown"
"907",1535,"Vista Residences","Condo","Studio, 1, 2, 3, 4, 5 BR","282","2013","Freehold","Arts Associate Company Pte Ltd","Novena"
"908",1537,"Viz @ Holland","Condo","Studio, 1, 2, 3, 4, 5 BR","165","2008","Freehold","Sim Lian (Holland) Pte Ltd","Bukit Timah"
"909",1546,"Watercolours","Executive Condo","Studio, 1, 2, 3, 4 BR","416","2014","99","Huge Development Pte Ltd","Pasir Ris"
"910",1548,"Waterfront Gold","Condo","1, 2, 3, 4 BR","361","2014","99","Frasers Centrepoint Limited","Bedok"
"911",1549,"Waterfront Key","Condo","Studio, 2, 3, 4 BR","437","2012","99","Far East Organisation,Frasers Centrepoint Homes","Bedok"
"912",1550,"Waterfront Waves","Condo","2, 3, 4 BR","405","2011","99","Frasers Centrepoint Homes,Far East Organization","Bedok"
"913",1552,"Waterwoods","Condo","Studio, 2, 3, 4, 5 BR","373","2015","99","N/A","Punggol"
"914",1553,"Watten Estate Condominium","Condo","2, 3, 5, 6 BR","104","1983","Freehold","Lucky Realty Co Ltd (Far East Organization)","Bukit Timah"
"915",1555,"Whitehaven","Condo","1, 2, 3, 4, 5 BR","121","2017","Freehold","Rl West Pte Ltd","Queenstown"
"916",1556,"Century Woods","Landed House","4, 5, 6 BR","99","2002","99","Habigreen Properties Pte Ltd","Woodlands"
"917",1557,"Zedge","Condo","1, 2, 3 BR","102","2010","Freehold","Macly Pte Ltd","Novena"
